,cluster,item_name,champ_name,avg_placement,top4_rate,win_rate,games
1418,0,Last Whisper,Zeri,3.232876712328767,0.7397260273972602,0.2945205479452055,146
1818,0,Rabadon's Deathcap,Viktor,3.3503649635036497,0.708029197080292,0.26277372262773724,137
782,0,Edge of Night,Jinx,3.4552845528455283,0.6829268292682927,0.21951219512195122,123
2359,0,Spear of Shojin,Viktor,3.5233333333333334,0.6933333333333334,0.20333333333333334,300
2705,0,Titan's Resolve,Zeri,3.536,0.696,0.176,125
1373,0,Jeweled Gauntlet,Viktor,3.568345323741007,0.6690647482014388,0.20863309352517986,139
65,0,Archangel's Staff,Orianna,3.5827814569536423,0.6490066225165563,0.152317880794702,151
274,0,Blue Buff,Jayce,3.619047619047619,0.6666666666666666,0.23809523809523808,105
1234,0,Infinity Edge,Jinx,3.657142857142857,0.6571428571428571,0.23809523809523808,105
1452,0,Locket of the Iron Solari,Orianna,3.6596638655462184,0.680672268907563,0.18907563025210083,238
681,0,Debonair Emblem,Kaisa,3.6666666666666665,0.6341463414634146,0.25203252032520324,123
166,0,Banshee's Claw,Jhin,3.691729323308271,0.6616541353383458,0.18045112781954886,133
810,0,Edge of Night,Zeri,3.701863354037267,0.6770186335403726,0.16770186335403728,161
512,0,Chalice of Power,Zeri,3.710144927536232,0.6666666666666666,0.17391304347826086,138
1063,0,Guinsoo's Rageblade,Jinx,3.7280701754385963,0.6140350877192983,0.21929824561403508,114
966,0,Giant Slayer,Talon,3.7735849056603774,0.6226415094339622,0.20754716981132076,106
1188,0,Hextech Gunblade,Kaisa,3.7757009345794392,0.616822429906542,0.19626168224299065,107
1139,0,Hand Of Justice,Zeri,3.776073619631902,0.6441717791411042,0.18098159509202455,326
2857,0,Zephyr,Orianna,3.782608695652174,0.6260869565217392,0.16521739130434782,115
2779,0,Zeke's Herald,Ekko,3.7832167832167833,0.6293706293706294,0.16083916083916083,143
1667,0,Negatron Cloak,Braum,3.784313725490196,0.5882352941176471,0.21568627450980393,102
1736,0,Quicksilver,Braum,3.789855072463768,0.6159420289855072,0.1956521739130435,138
1375,0,Jeweled Gauntlet,Zeri,3.8036363636363637,0.6290909090909091,0.18545454545454546,275
2901,0,Zz'Rot Portal,Braum,3.8084415584415585,0.6298701298701299,0.15584415584415584,308
509,0,Chalice of Power,Viktor,3.8188976377952755,0.6535433070866141,0.11811023622047244,127
2406,0,Statikk Shiv,Viktor,3.8372093023255816,0.6104651162790697,0.1569767441860465,172
2407,0,Statikk Shiv,Zeri,3.841692789968652,0.6269592476489029,0.17084639498432602,638
783,0,Edge of Night,Kaisa,3.8468468468468466,0.6216216216216216,0.18018018018018017,111
2820,0,Zeke's Herald,Zeri,3.867403314917127,0.6243093922651933,0.1878453038674033,181
2161,0,Shroud of Stillness,Leona,3.870431893687708,0.6112956810631229,0.19601328903654486,301
2800,0,Zeke's Herald,Orianna,3.8740554156171285,0.6221662468513854,0.16120906801007556,397
1132,0,Hand Of Justice,Talon,3.875,0.6517857142857143,0.10714285714285714,112
1752,0,Quicksilver,Leona,3.888235294117647,0.5882352941176471,0.19411764705882353,170
1360,0,Jeweled Gauntlet,Orianna,3.8962264150943398,0.6226415094339622,0.1320754716981132,106
2788,0,Zeke's Herald,Jhin,3.9050632911392404,0.6265822784810127,0.1962025316455696,158
948,0,Giant Slayer,Jinx,3.9159663865546217,0.5966386554621849,0.226890756302521,119
1300,0,Ionic Spark,Braum,3.937086092715232,0.5761589403973509,0.17218543046357615,302
2347,0,Spear of Shojin,Orianna,3.9380804953560373,0.6160990712074303,0.1238390092879257,323
1429,0,Locket of the Iron Solari,Braum,3.94,0.59,0.17,100
2065,0,Runaan's Hurricane,Zeri,3.942622950819672,0.6229508196721312,0.09836065573770492,122
1820,0,Rabadon's Deathcap,Zeri,3.9482758620689653,0.6336206896551724,0.1853448275862069,232
781,0,Edge of Night,Jhin,3.9545454545454546,0.6,0.19090909090909092,110
2832,0,Zephyr,Braum,3.9562841530054644,0.5683060109289617,0.19672131147540983,183
974,0,Giant Slayer,Zeri,3.9647058823529413,0.5929411764705882,0.20470588235294118,425
971,0,Giant Slayer,Viktor,3.9672131147540983,0.5983606557377049,0.18032786885245902,122
1210,0,Hextech Gunblade,Zeri,3.968299711815562,0.5821325648414986,0.16138328530259366,347
1564,0,Morellonomicon,Kaisa,3.9703872437357632,0.6036446469248291,0.17995444191343962,439
2214,0,Sniper Emblem,Orianna,3.975,0.59,0.14,200
672,0,Debonair Emblem,Ekko,3.9885057471264367,0.6149425287356322,0.1781609195402299,174
1776,0,Quicksilver,Zeri,3.99644128113879,0.608540925266904,0.18505338078291814,281
2664,0,Titan's Resolve,Braum,4.0078125,0.609375,0.125,128
2823,0,Zeke's Herald,Zyra,4.008130081300813,0.6097560975609756,0.2032520325203252,123
689,0,Debonair Emblem,Orianna,4.012820512820513,0.5833333333333334,0.21153846153846154,156
2383,0,Statikk Shiv,Kaisa,4.023809523809524,0.5773809523809523,0.19642857142857142,168
2144,0,Shroud of Stillness,Blitzcrank,4.036363636363636,0.5818181818181818,0.15454545454545454,110
1590,0,Morellonomicon,Zeri,4.040871934604905,0.5817438692098093,0.17029972752043596,734
2437,0,Sunfire Cape,Braum,4.049763033175355,0.6113744075829384,0.13270142180094788,422
722,0,Dragon's Claw,Braum,4.050531914893617,0.598404255319149,0.15159574468085107,376
2614,0,Thief's Gloves,Braum,4.060402684563758,0.5570469798657718,0.19798657718120805,298
736,0,Dragon's Claw,Leona,4.092105263157895,0.5789473684210527,0.15789473684210525,532
1314,0,Ionic Spark,Leona,4.0927318295739346,0.5839598997493735,0.14786967418546365,399
2146,0,Shroud of Stillness,Braum,4.094986807387863,0.5646437994722955,0.18997361477572558,379
1090,0,Guinsoo's Rageblade,Zeri,4.102127659574468,0.5765957446808511,0.14680851063829786,470
1262,0,Infinity Edge,Zeri,4.11353711790393,0.5502183406113537,0.17903930131004367,229
2830,0,Zephyr,Blitzcrank,4.1257861635220126,0.5471698113207547,0.1949685534591195,159
199,0,Banshee's Claw,Zyra,4.143884892086331,0.5683453237410072,0.1366906474820144,139
2626,0,Thief's Gloves,Jhin,4.144230769230769,0.5192307692307693,0.19230769230769232,104
285,0,Blue Buff,Orianna,4.150837988826815,0.5921787709497207,0.0782122905027933,179
1445,0,Locket of the Iron Solari,Leona,4.1525423728813555,0.6016949152542372,0.1271186440677966,118
178,0,Banshee's Claw,Orianna,4.153424657534247,0.5561643835616439,0.15616438356164383,365
2393,0,Statikk Shiv,Orianna,4.157407407407407,0.5648148148148148,0.12962962962962962,216
1111,0,Hand Of Justice,Jhin,4.164102564102564,0.5692307692307692,0.15384615384615385,195
2715,0,Warmog's Armor,Braum,4.177981651376147,0.5321100917431193,0.14862385321100918,545
2916,0,Zz'Rot Portal,Leona,4.180505415162455,0.5379061371841155,0.1371841155234657,277
1064,0,Guinsoo's Rageblade,Kaisa,4.186991869918699,0.5528455284552846,0.14634146341463414,123
300,0,Blue Buff,Zeri,4.187096774193549,0.5483870967741935,0.13548387096774195,155
2410,0,Statikk Shiv,Zyra,4.188311688311688,0.551948051948052,0.16233766233766234,154
1961,0,Redemption,Braum,4.195250659630607,0.5620052770448549,0.12401055408970976,379
1255,0,Infinity Edge,Talon,4.199362041467305,0.5709728867623605,0.13237639553429026,627
2454,0,Sunfire Cape,Leona,4.207430340557275,0.5526315789473685,0.1393188854489164,646
848,0,Frozen Heart,Braum,4.214105793450882,0.5365239294710328,0.12090680100755667,397
2036,0,Runaan's Hurricane,Jhin,4.214743589743589,0.5512820512820513,0.1346153846153846,312
2920,0,Zz'Rot Portal,Morgana,4.221311475409836,0.5409836065573771,0.10655737704918032,122
492,0,Chalice of Power,Orianna,4.226364846870839,0.5446071904127829,0.151797603195739,751
1074,0,Guinsoo's Rageblade,Orianna,4.242718446601942,0.5048543689320388,0.1262135922330097,103
2028,0,Runaan's Hurricane,Draven,4.246113989637306,0.5518134715025906,0.15025906735751296,386
861,0,Frozen Heart,Leona,4.264864864864865,0.5459459459459459,0.15675675675675677,370
226,0,Bloodthirster,Jhin,4.267857142857143,0.5178571428571429,0.17410714285714285,224
2850,0,Zephyr,Leona,4.26984126984127,0.5396825396825397,0.12698412698412698,189
894,0,Gargoyle Stoneplate,Braum,4.283760683760684,0.5452991452991452,0.10256410256410256,585
502,0,Chalice of Power,Syndra,4.294685990338165,0.5362318840579711,0.1497584541062802,207
2682,0,Titan's Resolve,Leona,4.294797687861272,0.5260115606936416,0.14450867052023122,173
738,0,Dragon's Claw,Morgana,4.297674418604651,0.5255813953488372,0.14883720930232558,215
852,0,Frozen Heart,Ekko,4.297720797720798,0.5370370370370371,0.12108262108262108,702
1574,0,Morellonomicon,Orianna,4.298507462686567,0.5447761194029851,0.11194029850746269,134
1813,0,Rabadon's Deathcap,Syndra,4.306306306306307,0.5585585585585585,0.15315315315315314,111
1552,0,Morellonomicon,Braum,4.308943089430894,0.5447154471544715,0.12466124661246612,369
2731,0,Warmog's Armor,Leona,4.31011826544021,0.5440210249671484,0.14323258869908015,761
1803,0,Rabadon's Deathcap,MissFortune,4.315151515151515,0.5454545454545454,0.15757575757575756,165
669,0,Debonair Emblem,Braum,4.315789473684211,0.5292397660818714,0.14035087719298245,342
1317,0,Ionic Spark,Morgana,4.33469387755102,0.5387755102040817,0.09387755102040816,245
998,0,Giant's Belt,Leona,4.345794392523365,0.514018691588785,0.14018691588785046,107
1205,0,Hextech Gunblade,Talon,4.3489010989010985,0.5412087912087912,0.10989010989010989,364
545,0,Challenger Emblem,Zeri,4.3841059602649,0.5033112582781457,0.12582781456953643,151
947,0,Giant Slayer,Jhin,4.384728340675477,0.5315712187958884,0.12922173274596183,681
1769,0,Quicksilver,Talon,4.394014962593516,0.5386533665835411,0.11970074812967581,401
2166,0,Shroud of Stillness,Morgana,4.397590361445783,0.4819277108433735,0.10240963855421686,166
1884,0,Rapid Firecannon,Talon,4.398936170212766,0.524822695035461,0.12411347517730496,564
188,0,Banshee's Claw,Syndra,4.408045977011494,0.5114942528735632,0.1206896551724138,174
2588,0,Tear of the Goddess,Orianna,4.410852713178294,0.5503875968992248,0.09302325581395349,129
864,0,Frozen Heart,Morgana,4.423841059602649,0.48344370860927155,0.17880794701986755,151
251,0,Bloodthirster,Zeri,4.427350427350428,0.5042735042735043,0.1452991452991453,117
1781,0,Rabadon's Deathcap,Ahri,4.430463576158941,0.543046357615894,0.0695364238410596,302
1976,0,Redemption,Leona,4.437077131258458,0.5277401894451962,0.11907983761840325,739
2363,0,Spear of Shojin,Zyra,4.443609022556391,0.5037593984962406,0.12030075187969924,133
515,0,Chalice of Power,Zyra,4.45945945945946,0.4774774774774775,0.10810810810810811,222
987,0,Giant's Belt,Ekko,4.46078431372549,0.5196078431372549,0.10784313725490197,102
1233,0,Infinity Edge,Jhin,4.465895953757226,0.5098265895953757,0.12254335260115606,865
1577,0,Morellonomicon,Renata,4.472222222222222,0.4930555555555556,0.09027777777777778,144
1747,0,Quicksilver,Jhin,4.473520249221184,0.49221183800623053,0.1059190031152648,321
1805,0,Rabadon's Deathcap,Orianna,4.479674796747967,0.5121951219512195,0.0975609756097561,123
1336,0,Jeweled Gauntlet,Ahri,4.486413043478261,0.47554347826086957,0.10326086956521739,368
639,0,Deathblade,Jhin,4.489932885906041,0.5,0.1040268456375839,298
370,0,Bramble Vest,Leona,4.498388829215897,0.5026852846401718,0.10096670247046187,931
909,0,Gargoyle Stoneplate,Leona,4.49896265560166,0.5031120331950207,0.09854771784232365,964
2631,0,Thief's Gloves,Leona,4.5,0.5,0.12162162162162163,148
679,0,Debonair Emblem,Jhin,4.51304347826087,0.5304347826086957,0.08695652173913043,115
1103,0,Hand Of Justice,Draven,4.5154264972776765,0.4827586206896552,0.11796733212341198,551
1253,0,Infinity Edge,Syndra,4.52,0.51,0.15,100
2811,0,Zeke's Herald,Syndra,4.521472392638037,0.4662576687116564,0.12883435582822086,163
1169,0,Hextech Gunblade,Ahri,4.525,0.48125,0.1025,800
1629,0,Needlessly Large Rod,Ekko,4.525974025974026,0.4935064935064935,0.11688311688311688,154
2685,0,Titan's Resolve,Morgana,4.526315789473684,0.49473684210526314,0.12105263157894737,190
354,0,Bramble Vest,Braum,4.527386541471048,0.4726134585289515,0.10172143974960876,639
1558,0,Morellonomicon,Ekko,4.534322820037106,0.49907235621521334,0.08905380333951762,539
275,0,Blue Buff,Jhin,4.542857142857143,0.4928571428571429,0.10714285714285714,140
1358,0,Jeweled Gauntlet,MissFortune,4.544642857142857,0.5178571428571429,0.08928571428571429,112
1394,0,Last Whisper,Jhin,4.545774647887324,0.4823943661971831,0.107981220657277,852
1386,0,Last Whisper,Draven,4.554027504911591,0.49705304518664045,0.10412573673870335,509
2354,0,Spear of Shojin,Syndra,4.559880239520958,0.5,0.11676646706586827,334
1572,0,Morellonomicon,Morgana,4.560553633217993,0.44982698961937717,0.1245674740484429,289
1173,0,Hextech Gunblade,Brand,4.563876651982379,0.4713656387665198,0.07048458149779736,227
325,0,Bodyguard Emblem,Morgana,4.56687898089172,0.5159235668789809,0.11464968152866242,157
932,0,Giant Slayer,Ashe,4.568345323741007,0.4676258992805755,0.1510791366906475,139
371,0,Bramble Vest,Morgana,4.573891625615763,0.4729064039408867,0.11083743842364532,406
259,0,Blue Buff,Ahri,4.5812431842966195,0.4732824427480916,0.09269356597600872,917
410,0,Chain Vest,Blitzcrank,4.588235294117647,0.48739495798319327,0.11764705882352941,119
1731,0,Quicksilver,Ahri,4.59433962264151,0.5,0.07547169811320754,106
1582,0,Morellonomicon,Syndra,4.605263157894737,0.4649122807017544,0.09649122807017543,114
2364,0,Statikk Shiv,Ahri,4.606741573033708,0.46629213483146065,0.09550561797752809,178
2572,0,Tear of the Goddess,Ekko,4.608695652173913,0.4782608695652174,0.13768115942028986,138
2401,0,Statikk Shiv,Syndra,4.609375,0.515625,0.0390625,128
1740,0,Quicksilver,Draven,4.633466135458168,0.4681274900398406,0.10557768924302789,502
1547,0,Morellonomicon,Ahri,4.634078212290503,0.4553072625698324,0.10335195530726257,358
1756,0,Quicksilver,Morgana,4.638297872340425,0.44680851063829785,0.1276595744680851,141
2456,0,Sunfire Cape,Morgana,4.638743455497382,0.4607329842931937,0.09947643979057591,191
1379,0,Last Whisper,Ashe,4.662207357859532,0.44481605351170567,0.16387959866220736,299
939,0,Giant Slayer,Draven,4.662857142857143,0.4685714285714286,0.1126530612244898,1225
1980,0,Redemption,Morgana,4.6875,0.45723684210526316,0.11842105263157894,304
2345,0,Spear of Shojin,MissFortune,4.693333333333333,0.49333333333333335,0.12,150
1226,0,Infinity Edge,Draven,4.694651320243738,0.4631008801624915,0.11509817197020988,1477
931,0,Giant Slayer,Ahri,4.694805194805195,0.4707792207792208,0.07467532467532467,308
263,0,Blue Buff,Brand,4.709030100334449,0.46153846153846156,0.08361204013377926,299
1367,0,Jeweled Gauntlet,Syndra,4.7155555555555555,0.47555555555555556,0.10666666666666667,225
633,0,Deathblade,Draven,4.716157205240175,0.4759825327510917,0.10480349344978165,229
2733,0,Warmog's Armor,Morgana,4.726937269372693,0.43911439114391143,0.13653136531365315,271
1219,0,Infinity Edge,Ashe,4.727611940298507,0.4552238805970149,0.1417910447761194,268
1046,0,Guinsoo's Rageblade,Ahri,4.787234042553192,0.4397163120567376,0.1347517730496454,141
2323,0,Spear of Shojin,Ahri,4.793814432989691,0.42783505154639173,0.061855670103092786,194
1054,0,Guinsoo's Rageblade,Draven,4.794069192751236,0.44233937397034595,0.09637561779242175,1214
910,0,Gargoyle Stoneplate,Morgana,4.796610169491525,0.4406779661016949,0.09887005649717515,354
668,0,Debonair Emblem,Blitzcrank,4.798076923076923,0.47115384615384615,0.04807692307692308,104
982,0,Giant's Belt,Braum,4.818840579710145,0.4492753623188406,0.07971014492753623,138
1062,0,Guinsoo's Rageblade,Jhin,4.824561403508772,0.42105263157894735,0.07017543859649122,114
2636,0,Thief's Gloves,Morgana,4.8584905660377355,0.4339622641509434,0.07547169811320754,106
1340,0,Jeweled Gauntlet,Brand,4.8671328671328675,0.4405594405594406,0.055944055944055944,143
219,0,Bloodthirster,Draven,4.965631929046563,0.4212860310421286,0.08980044345898004,902
411,0,Chain Vest,Braum,4.984615384615385,0.4307692307692308,0.06153846153846154,130
1047,0,Guinsoo's Rageblade,Ashe,4.994047619047619,0.38095238095238093,0.08928571428571429,168
1217,0,Infinity Edge,Ahri,5.032,0.392,0.064,125
426,0,Chain Vest,Leona,5.2748091603053435,0.366412213740458,0.06870229007633588,131
489,0,Chalice of Power,MissFortune,5.396907216494846,0.35051546391752575,0.030927835051546393,194
5607,1,Zeke's Herald,Jinx,2.893470790378007,0.7903780068728522,0.3161512027491409,291
4904,1,Runaan's Hurricane,Jayce,2.950381679389313,0.7824427480916031,0.29389312977099236,262
3987,1,Hand Of Justice,Jayce,2.9883040935672516,0.783625730994152,0.28654970760233917,171
3549,1,Deathblade,Jayce,3.0526315789473686,0.7631578947368421,0.3157894736842105,152
3138,1,Banshee's Claw,Orianna,3.0723684210526314,0.743421052631579,0.2631578947368421,152
5293,1,Striker Emblem,Jinx,3.081799591002045,0.7689161554192229,0.294478527607362,489
3236,1,Blue Buff,Jayce,3.0821428571428573,0.7464285714285714,0.29285714285714287,280
3653,1,Edge of Night,Jayce,3.088,0.784,0.248,125
5604,1,Zeke's Herald,JarvanIV,3.1015228426395938,0.7461928934010152,0.3350253807106599,197
4970,1,Scrap Emblem,Jayce,3.107843137254902,0.7058823529411765,0.29411764705882354,102
3655,1,Edge of Night,Jinx,3.149484536082474,0.7371134020618557,0.27835051546391754,388
4834,1,Redemption,Jayce,3.175757575757576,0.7454545454545455,0.24242424242424243,165
4249,1,Jeweled Gauntlet,Jinx,3.1809523809523808,0.7428571428571429,0.24761904761904763,105
3119,1,Banshee's Claw,Ekko,3.1940298507462686,0.7761194029850746,0.19402985074626866,201
5221,1,Spear of Shojin,Viktor,3.1965811965811968,0.7435897435897436,0.2905982905982906,117
3551,1,Deathblade,Jinx,3.1968503937007875,0.7559055118110236,0.2755905511811024,127
5011,1,Shroud of Stillness,Braum,3.2088607594936707,0.7341772151898734,0.2721518987341772,158
5452,1,Thief's Gloves,Jayce,3.2266666666666666,0.7333333333333333,0.26,150
3122,1,Banshee's Claw,Gnar,3.234848484848485,0.7424242424242424,0.24242424242424243,132
4906,1,Runaan's Hurricane,Jinx,3.258503401360544,0.7312925170068028,0.24489795918367346,294
4454,1,Morellonomicon,Kaisa,3.272727272727273,0.6931818181818182,0.30113636363636365,176
4630,1,Quicksilver,Jinx,3.2870662460567823,0.7192429022082019,0.24605678233438485,317
3125,1,Banshee's Claw,Jayce,3.302325581395349,0.7286821705426356,0.20930232558139536,129
5242,1,Statikk Shiv,Jayce,3.3125,0.6875,0.3055555555555556,144
5498,1,Titan's Resolve,Jinx,3.314516129032258,0.7096774193548387,0.25,124
4628,1,Quicksilver,Jayce,3.3231441048034935,0.7074235807860262,0.2663755458515284,229
5605,1,Zeke's Herald,Jayce,3.3392857142857144,0.7464285714285714,0.2,280
5206,1,Spear of Shojin,Orianna,3.340782122905028,0.7262569832402235,0.24581005586592178,179
4174,1,Innovator Emblem,Orianna,3.3515625,0.703125,0.328125,128
4288,1,Last Whisper,Jayce,3.351893095768374,0.7149220489977728,0.24498886414253898,449
3604,1,Dragon's Claw,Jayce,3.3529411764705883,0.7189542483660131,0.23529411764705882,153
3989,1,Hand Of Justice,Jinx,3.36518771331058,0.7133105802047781,0.2525597269624573,293
5546,1,Warmog's Armor,Jayce,3.4153846153846152,0.7038461538461539,0.18076923076923077,260
3837,1,Giant Slayer,Jinx,3.4342984409799553,0.6926503340757239,0.24944320712694878,449
4352,1,Locket of the Iron Solari,Orianna,3.4475524475524475,0.7342657342657343,0.18181818181818182,143
3835,1,Giant Slayer,Jayce,3.460559796437659,0.6972010178117048,0.2366412213740458,393
5655,1,Zephyr,Gnar,3.467455621301775,0.6745562130177515,0.2603550295857988,169
5402,1,Tear of the Goddess,Blitzcrank,3.47,0.66,0.25,100
5644,1,Zephyr,Blitzcrank,3.475,0.6875,0.2,240
5603,1,Zeke's Herald,Irelia,3.4906103286384975,0.6830985915492958,0.24178403755868544,426
4103,1,Infinity Edge,Jinx,3.4928131416837784,0.6694045174537988,0.22176591375770022,487
5541,1,Warmog's Armor,Galio,3.4954128440366974,0.6788990825688074,0.2018348623853211,109
5244,1,Statikk Shiv,Jinx,3.5,0.671875,0.25,192
3251,1,Blue Buff,Seraphine,3.503448275862069,0.7586206896551724,0.15862068965517243,145
5255,1,Statikk Shiv,Orianna,3.5036496350364965,0.6788321167883211,0.22627737226277372,137
5652,1,Zephyr,Ezreal,3.5039370078740157,0.6850393700787402,0.1732283464566929,127
5707,1,Zz'Rot Portal,Braum,3.5231788079470197,0.6622516556291391,0.24503311258278146,151
5496,1,Titan's Resolve,Jayce,3.5372340425531914,0.7074468085106383,0.20212765957446807,188
3410,1,Chalice of Power,Jayce,3.53757225433526,0.6416184971098265,0.2543352601156069,173
4570,1,Negatron Cloak,Jinx,3.538860103626943,0.6528497409326425,0.22279792746113988,193
5692,1,Zephyr,Zilean,3.541284403669725,0.6972477064220184,0.14678899082568808,109
5413,1,Tear of the Goddess,Jinx,3.5428571428571427,0.6785714285714286,0.2642857142857143,140
3191,1,Bloodthirster,Jinx,3.54627539503386,0.6613995485327314,0.23024830699774265,443
3303,1,Bramble Vest,Jayce,3.549586776859504,0.6694214876033058,0.2231404958677686,242
3794,1,Gargoyle Stoneplate,Jayce,3.551282051282051,0.6474358974358975,0.1987179487179487,156
3595,1,Dragon's Claw,Braum,3.5520833333333335,0.6944444444444444,0.2048611111111111,288
5602,1,Zeke's Herald,Gnar,3.5521628498727735,0.6870229007633588,0.178117048346056,393
5617,1,Zeke's Herald,Orianna,3.5533980582524274,0.6699029126213593,0.18446601941747573,206
5291,1,Striker Emblem,Jayce,3.562937062937063,0.6643356643356644,0.21328671328671328,286
5328,1,Sunfire Cape,Jayce,3.5641025641025643,0.6324786324786325,0.19658119658119658,117
4290,1,Last Whisper,Jinx,3.5647058823529414,0.68,0.2376470588235294,425
3943,1,Guinsoo's Rageblade,Jinx,3.56786271450858,0.6817472698907956,0.21372854914196568,641
4195,1,Ionic Spark,Braum,3.573248407643312,0.7006369426751592,0.19745222929936307,157
4101,1,Infinity Edge,Jayce,3.574235807860262,0.6790393013100436,0.22489082969432314,458
3189,1,Bloodthirster,Jayce,3.5821428571428573,0.6535714285714286,0.21071428571428572,280
5450,1,Thief's Gloves,Irelia,3.585526315789474,0.6644736842105263,0.19078947368421054,152
5320,1,Sunfire Cape,Braum,3.60472972972973,0.6790540540540541,0.21621621621621623,296
4794,1,Recurve Bow,Jinx,3.6209476309226933,0.6483790523690773,0.23940149625935161,401
5010,1,Shroud of Stillness,Blitzcrank,3.638888888888889,0.6319444444444444,0.24305555555555555,144
5018,1,Shroud of Stillness,Ekko,3.645945945945946,0.6486486486486487,0.20270270270270271,370
4758,1,Rapid Firecannon,Sivir,3.6491228070175437,0.6842105263157895,0.16666666666666666,114
4822,1,Redemption,Braum,3.6537102473498235,0.6325088339222615,0.20848056537102475,283
5128,1,Sparring Gloves,Jinx,3.6666666666666665,0.6512820512820513,0.2,195
4526,1,Needlessly Large Rod,Jinx,3.6736401673640167,0.6527196652719666,0.20502092050209206,239
3651,1,Edge of Night,Irelia,3.6776315789473686,0.6480263157894737,0.18421052631578946,304
4902,1,Runaan's Hurricane,Irelia,3.68,0.66,0.18,200
4693,1,Rabadon's Deathcap,Seraphine,3.6928327645051193,0.6621160409556314,0.16040955631399317,293
3629,1,Dragon's Claw,Vi,3.710691823899371,0.6477987421383647,0.20754716981132076,159
4068,1,Hextech Gunblade,Seraphine,3.7131147540983607,0.6885245901639344,0.18032786885245902,122
3941,1,Guinsoo's Rageblade,Jayce,3.7222222222222223,0.6555555555555556,0.18888888888888888,270
3737,1,Frozen Heart,Braum,3.7358490566037736,0.6792452830188679,0.12578616352201258,159
5322,1,Sunfire Cape,Ekko,3.7386759581881535,0.6655052264808362,0.156794425087108,287
5625,1,Zeke's Herald,Sivir,3.7410714285714284,0.6875,0.16071428571428573,112
3086,1,B.F. Sword,Jinx,3.7416974169741697,0.6273062730627307,0.24723247232472326,271
5191,1,Spear of Shojin,Ekko,3.7454545454545456,0.6272727272727273,0.2,110
4261,1,Jeweled Gauntlet,Seraphine,3.7468354430379747,0.6772151898734177,0.13924050632911392,158
5449,1,Thief's Gloves,Gnar,3.7579617834394905,0.6369426751592356,0.21656050955414013,157
3366,1,Chain Vest,Irelia,3.766497461928934,0.6345177664974619,0.23857868020304568,197
4299,1,Last Whisper,Senna,3.7731481481481484,0.6388888888888888,0.22685185185185186,216
5260,1,Statikk Shiv,Seraphine,3.7736842105263158,0.65,0.1763157894736842,380
5519,1,Titan's Resolve,Vi,3.7777777777777777,0.6358024691358025,0.19135802469135801,162
4442,1,Morellonomicon,Braum,3.788,0.636,0.2,250
4921,1,Runaan's Hurricane,Sivir,3.7971014492753623,0.6389986824769434,0.17786561264822134,759
5677,1,Zephyr,Seraphine,3.7987012987012987,0.6233766233766234,0.17532467532467533,154
3015,1,Archangel's Staff,Seraphine,3.817034700315457,0.6182965299684543,0.12933753943217666,317
4647,1,Quicksilver,Sivir,3.8181089743589745,0.6274038461538461,0.1858974358974359,1248
4303,1,Last Whisper,Sivir,3.828227021597187,0.622802611752888,0.19085886489201406,1991
3320,1,Bramble Vest,Singed,3.8317757009345796,0.6448598130841121,0.19626168224299065,107
3669,1,Edge of Night,Sivir,3.8333333333333335,0.6319444444444444,0.2013888888888889,144
4790,1,Recurve Bow,Irelia,3.840220385674931,0.6088154269972452,0.209366391184573,363
4282,1,Last Whisper,Ezreal,3.8411214953271027,0.6542056074766355,0.205607476635514,107
5622,1,Zeke's Herald,Seraphine,3.8434343434343434,0.5959595959595959,0.1919191919191919,198
4905,1,Runaan's Hurricane,Jhin,3.8452380952380953,0.625,0.19642857142857142,168
5348,1,Sunfire Cape,Vi,3.8505747126436782,0.6436781609195402,0.13793103448275862,174
4229,1,Ionic Spark,Vi,3.853107344632768,0.615819209039548,0.15254237288135594,177
5535,1,Warmog's Armor,Braum,3.87041564792176,0.6210268948655256,0.15892420537897312,409
4960,1,Scrap Emblem,Braum,3.878640776699029,0.616504854368932,0.18932038834951456,206
4116,1,Infinity Edge,Senna,3.8866995073891624,0.6009852216748769,0.18226600985221675,203
3740,1,Frozen Heart,Ekko,3.88747777495555,0.6088392176784354,0.18440436880873762,3937
5598,1,Zeke's Herald,Ekko,3.890818858560794,0.6153846153846154,0.16377171215880892,403
3770,1,Frozen Heart,Vi,3.89375,0.65625,0.15625,160
5286,1,Striker Emblem,Ekko,3.8959537572254335,0.6358381502890174,0.13872832369942195,173
5022,1,Shroud of Stillness,Gnar,3.9029126213592233,0.6019417475728155,0.17475728155339806,103
4644,1,Quicksilver,Seraphine,3.909090909090909,0.6033057851239669,0.19008264462809918,121
5236,1,Statikk Shiv,Ezreal,3.9136690647482015,0.6402877697841727,0.17266187050359713,139
4003,1,Hand Of Justice,Sivir,3.9184549356223175,0.630901287553648,0.15021459227467812,233
4198,1,Ionic Spark,Ekko,3.9304123711340204,0.5876288659793815,0.14948453608247422,388
3870,1,Giant's Belt,Ekko,3.932806324110672,0.5928853754940712,0.1844532279314888,759
3423,1,Chalice of Power,Orianna,3.938953488372093,0.5872093023255814,0.19186046511627908,344
4560,1,Negatron Cloak,Ekko,3.961432506887052,0.5977961432506887,0.1652892561983471,363
3190,1,Bloodthirster,Jhin,3.962686567164179,0.5522388059701493,0.19402985074626866,134
3782,1,Gargoyle Stoneplate,Braum,3.9642857142857144,0.6071428571428571,0.15934065934065933,364
4360,1,Locket of the Iron Solari,Singed,3.9655172413793105,0.6275862068965518,0.18620689655172415,145
5651,1,Zephyr,Ekko,3.967857142857143,0.575,0.15714285714285714,280
4333,1,Locket of the Iron Solari,Ekko,3.9770114942528734,0.5862068965517241,0.16091954022988506,348
5212,1,Spear of Shojin,Seraphine,3.985294117647059,0.5941176470588235,0.1661764705882353,680
3041,1,Assassin Emblem,Irelia,3.986627043090639,0.5913818722139673,0.16196136701337296,673
3817,1,Gargoyle Stoneplate,Vi,3.9881656804733727,0.6272189349112426,0.10650887573964497,169
3428,1,Chalice of Power,Seraphine,3.992424242424242,0.553030303030303,0.17045454545454544,264
3563,1,Deathblade,Sivir,4.0,0.6176470588235294,0.11764705882352941,170
3849,1,Giant Slayer,Senna,4.0186335403726705,0.6024844720496895,0.15527950310559005,161
5263,1,Statikk Shiv,Sivir,4.020057306590258,0.6217765042979942,0.12607449856733524,349
3144,1,Banshee's Claw,Seraphine,4.02112676056338,0.5985915492957746,0.1619718309859155,142
4099,1,Infinity Edge,Gnar,4.03,0.62,0.12,100
4120,1,Infinity Edge,Sivir,4.0303951367781155,0.5835866261398176,0.1651469098277609,987
4898,1,Runaan's Hurricane,Ezreal,4.030769230769231,0.6153846153846154,0.14615384615384616,130
4967,1,Scrap Emblem,Gnar,4.034188034188034,0.5982905982905983,0.17094017094017094,117
3077,1,B.F. Sword,Ekko,4.042735042735043,0.5897435897435898,0.1282051282051282,117
3875,1,Giant's Belt,Irelia,4.044025157232705,0.6226415094339622,0.16352201257861634,159
4561,1,Negatron Cloak,Ezreal,4.052238805970149,0.5746268656716418,0.15671641791044777,134
3327,1,Bramble Vest,Vi,4.056478405315614,0.5880398671096345,0.1461794019933555,301
4566,1,Negatron Cloak,Irelia,4.058968058968059,0.5945945945945946,0.16953316953316952,407
4629,1,Quicksilver,Jhin,4.059210526315789,0.5394736842105263,0.17763157894736842,152
3958,1,Guinsoo's Rageblade,Sivir,4.065573770491803,0.5798421372191864,0.15239829993928355,1647
3292,1,Bramble Vest,Braum,4.072033898305085,0.5889830508474576,0.1461864406779661,472
4556,1,Negatron Cloak,Blitzcrank,4.076219512195122,0.5609756097560976,0.17073170731707318,328
3566,1,Deathblade,Twitch,4.088068181818182,0.5994318181818182,0.11931818181818182,352
4308,1,Last Whisper,Twitch,4.090773809523809,0.5967261904761905,0.13690476190476192,672
4926,1,Runaan's Hurricane,Twitch,4.099162011173185,0.5893854748603352,0.13687150837988826,716
3867,1,Giant's Belt,Blitzcrank,4.103117505995204,0.565947242206235,0.1774580335731415,417
3550,1,Deathblade,Jhin,4.107438016528926,0.5867768595041323,0.1322314049586777,121
4125,1,Infinity Edge,Twitch,4.111620795107034,0.5840978593272171,0.1345565749235474,654
3403,1,Chalice of Power,Ekko,4.112745098039215,0.5588235294117647,0.14215686274509803,204
3985,1,Hand Of Justice,Irelia,4.121518987341772,0.5670886075949367,0.14936708860759493,395
4746,1,Rapid Firecannon,KhaZix,4.131736526946108,0.5748502994011976,0.1317365269461078,167
4105,1,Infinity Edge,KhaZix,4.13421052631579,0.5605263157894737,0.12105263157894737,380
5442,1,Thief's Gloves,Braum,4.137096774193548,0.5564516129032258,0.1532258064516129,124
4859,1,Redemption,Vi,4.147208121827411,0.5888324873096447,0.09644670050761421,197
4445,1,Morellonomicon,Ekko,4.153009180550833,0.5637538252295138,0.14280856851411083,2941
3193,1,Bloodthirster,KhaZix,4.156934306569343,0.5547445255474452,0.1386861313868613,274
5120,1,Sparring Gloves,Ekko,4.15979381443299,0.5721649484536082,0.13402061855670103,194
4336,1,Locket of the Iron Solari,Gnar,4.162011173184357,0.5810055865921788,0.12290502793296089,179
4289,1,Last Whisper,Jhin,4.176352705410822,0.5410821643286573,0.15831663326653306,499
3357,1,Chain Vest,Blitzcrank,4.179220779220779,0.561038961038961,0.15584415584415584,385
3229,1,Blue Buff,Ekko,4.181286549707602,0.5614035087719298,0.12280701754385964,171
5405,1,Tear of the Goddess,Ekko,4.186758893280633,0.5513833992094862,0.1650197628458498,1012
4466,1,Morellonomicon,Seraphine,4.1876804619826755,0.5457170356111646,0.136669874879692,1039
3547,1,Deathblade,Irelia,4.1923076923076925,0.5683760683760684,0.13675213675213677,234
4102,1,Infinity Edge,Jhin,4.194726166328601,0.5334685598377282,0.15618661257606492,493
4632,1,Quicksilver,KhaZix,4.196078431372549,0.5686274509803921,0.09803921568627451,102
3361,1,Chain Vest,Ekko,4.197994987468672,0.5538847117794486,0.16040100250626566,798
5305,1,Striker Emblem,Senna,4.199386503067485,0.5337423312883436,0.12883435582822086,326
3853,1,Giant Slayer,Sivir,4.203957382039574,0.5616438356164384,0.121765601217656,657
5125,1,Sparring Gloves,Irelia,4.225806451612903,0.5425219941348973,0.1436950146627566,341
4513,1,Needlessly Large Rod,Blitzcrank,4.2342342342342345,0.5135135135135135,0.1891891891891892,111
5409,1,Tear of the Goddess,Irelia,4.238993710691824,0.5660377358490566,0.12578616352201258,159
5494,1,Titan's Resolve,Irelia,4.239024390243903,0.567479674796748,0.11544715447154472,615
5562,1,Warmog's Armor,Singed,4.266129032258065,0.5887096774193549,0.12903225806451613,124
3187,1,Bloodthirster,Irelia,4.2690735694822886,0.5442779291553134,0.12806539509536785,1468
4787,1,Recurve Bow,Ezreal,4.290178571428571,0.5491071428571429,0.15178571428571427,224
3836,1,Giant Slayer,Jhin,4.294765840220386,0.5068870523415978,0.12947658402203857,363
4286,1,Last Whisper,Irelia,4.299150881776616,0.542782495101241,0.11887655127367734,1531
3858,1,Giant Slayer,Twitch,4.303030303030303,0.5878787878787879,0.10909090909090909,165
3234,1,Blue Buff,Irelia,4.305882352941176,0.5568627450980392,0.10980392156862745,255
4786,1,Recurve Bow,Ekko,4.309677419354839,0.5419354838709678,0.14193548387096774,155
3657,1,Edge of Night,KhaZix,4.310344827586207,0.5057471264367817,0.11494252873563218,174
4517,1,Needlessly Large Rod,Ekko,4.316602316602316,0.5347490347490348,0.15444015444015444,1036
3839,1,Giant Slayer,KhaZix,4.31858407079646,0.5309734513274337,0.08849557522123894,113
4626,1,Quicksilver,Irelia,4.327604726100967,0.5338345864661654,0.13533834586466165,931
4542,1,Needlessly Large Rod,Seraphine,4.328767123287672,0.4863013698630137,0.1095890410958904,146
3954,1,Guinsoo's Rageblade,Senna,4.33,0.54,0.11,100
3078,1,B.F. Sword,Ezreal,4.335616438356165,0.541095890410959,0.13013698630136986,146
4475,1,Morellonomicon,Vi,4.336448598130841,0.514018691588785,0.11214953271028037,107
4670,1,Rabadon's Deathcap,Ekko,4.341666666666667,0.55,0.125,120
4100,1,Infinity Edge,Irelia,4.34413352970054,0.524300441826215,0.1325478645066274,2037
3955,1,Guinsoo's Rageblade,Seraphine,4.350961538461538,0.5384615384615384,0.125,208
3300,1,Bramble Vest,Gnar,4.36,0.6,0.08,100
3834,1,Giant Slayer,Irelia,4.395551257253385,0.5125725338491296,0.1276595744680851,1034
5569,1,Warmog's Armor,Vi,4.408510638297872,0.5234042553191489,0.10212765957446808,235
4292,1,Last Whisper,KhaZix,4.4363636363636365,0.5151515151515151,0.08484848484848485,165
5599,1,Zeke's Herald,Ezreal,4.465753424657534,0.5205479452054794,0.11643835616438356,146
3206,1,Bloodthirster,Sivir,4.467005076142132,0.49746192893401014,0.10152284263959391,197
3811,1,Gargoyle Stoneplate,Singed,4.5,0.48484848484848486,0.14393939393939395,132
4096,1,Infinity Edge,Ezreal,4.510791366906475,0.5467625899280576,0.11510791366906475,139
3082,1,B.F. Sword,Irelia,4.538126361655773,0.5032679738562091,0.1328976034858388,459
5425,1,Tear of the Goddess,Seraphine,4.625954198473282,0.5038167938931297,0.08396946564885496,131
7438,2,Rabadon's Deathcap,Viktor,2.7344632768361583,0.7853107344632768,0.4011299435028249,177
6440,2,Edge of Night,Jinx,2.9583333333333335,0.7666666666666667,0.35833333333333334,120
6825,2,Hextech Gunblade,Kaisa,2.963963963963964,0.8018018018018018,0.34234234234234234,111
6201,2,Chalice of Power,Viktor,3.0710059171597632,0.7514792899408284,0.3136094674556213,169
6441,2,Edge of Night,Kaisa,3.078125,0.71875,0.3984375,128
7623,2,Runaan's Hurricane,Jayce,3.099009900990099,0.7821782178217822,0.3069306930693069,101
8418,2,Zz'Rot Portal,Sejuani,3.1526717557251906,0.7786259541984732,0.2824427480916031,131
8038,2,Sunfire Cape,TahmKench,3.167832167832168,0.7622377622377622,0.2867132867132867,143
6614,2,Giant Slayer,Jinx,3.19672131147541,0.7377049180327869,0.3360655737704918,122
6997,2,Jeweled Gauntlet,Viktor,3.2014388489208634,0.7410071942446043,0.3129496402877698,278
6015,2,Blue Buff,Viktor,3.2115384615384617,0.7211538461538461,0.28846153846153844,104
5814,2,Archangel's Staff,TahmKench,3.2213740458015265,0.7175572519083969,0.3053435114503817,131
8291,2,Zeke's Herald,Jayce,3.2432432432432434,0.75,0.20945945945945946,148
6953,2,Ionic Spark,TahmKench,3.274336283185841,0.7123893805309734,0.2920353982300885,226
7590,2,Redemption,TahmKench,3.2857142857142856,0.7180451127819549,0.2781954887218045,266
7192,2,Morellonomicon,Kaisa,3.2870662460567823,0.7192429022082019,0.3028391167192429,317
6552,2,Frozen Heart,TahmKench,3.2888888888888888,0.725925925925926,0.2222222222222222,135
7915,2,Spear of Shojin,Viktor,3.301518438177874,0.7093275488069414,0.2950108459869848,461
6456,2,Edge of Night,TahmKench,3.304054054054054,0.7027027027027027,0.30405405405405406,148
6636,2,Giant Slayer,Viktor,3.3408071748878925,0.7174887892376681,0.2645739910313901,223
8144,2,Thief's Gloves,Jayce,3.343137254901961,0.7254901960784313,0.3137254901960784,102
6109,2,Bruiser Emblem,Viktor,3.3461538461538463,0.7211538461538461,0.25,104
6777,2,Hand Of Justice,TahmKench,3.3615384615384616,0.7153846153846154,0.2692307692307692,130
7753,2,Shroud of Stillness,TahmKench,3.3740458015267176,0.7022900763358778,0.2824427480916031,131
7743,2,Shroud of Stillness,RekSai,3.3828125,0.6875,0.21875,128
8168,2,Thief's Gloves,TahmKench,3.390557939914163,0.6781115879828327,0.3133047210300429,233
6736,2,Guinsoo's Rageblade,Viktor,3.4152542372881354,0.7203389830508474,0.22033898305084745,118
7937,2,Statikk Shiv,Kaisa,3.425373134328358,0.6716417910447762,0.2835820895522388,134
8365,2,Zephyr,Sejuani,3.4592592592592593,0.6888888888888889,0.2518518518518518,135
7960,2,Statikk Shiv,Viktor,3.466898954703833,0.6968641114982579,0.2578397212543554,287
6172,2,Chalice of Power,Jayce,3.482142857142857,0.6160714285714286,0.30357142857142855,112
6060,2,Bramble Vest,TahmKench,3.5,0.6737804878048781,0.25609756097560976,328
7016,2,Last Whisper,Jinx,3.5086206896551726,0.6551724137931034,0.3017241379310345,116
7963,2,Statikk Shiv,Zeri,3.5142857142857142,0.6476190476190476,0.26666666666666666,105
6612,2,Giant Slayer,Jayce,3.5182481751824817,0.6934306569343066,0.22627737226277372,137
6841,2,Hextech Gunblade,TahmKench,3.518918918918919,0.6702702702702703,0.2891891891891892,370
5949,2,Bloodthirster,Jinx,3.5343511450381677,0.648854961832061,0.26717557251908397,131
6184,2,Chalice of Power,Orianna,3.5355191256830603,0.6830601092896175,0.30601092896174864,183
8256,2,Warmog's Armor,TahmKench,3.562300319488818,0.6613418530351438,0.2747603833865815,313
6717,2,Guinsoo's Rageblade,Kaisa,3.5714285714285716,0.6785714285714286,0.23214285714285715,112
6412,2,Dragon's Claw,TahmKench,3.574162679425837,0.6650717703349283,0.23923444976076555,209
6270,2,Chemtech Emblem,TahmKench,3.581967213114754,0.639344262295082,0.30327868852459017,122
6527,2,Frozen Heart,Ekko,3.5876288659793816,0.654639175257732,0.22164948453608246,194
6960,2,Ionic Spark,Zac,3.6,0.6818181818181818,0.23636363636363636,110
6418,2,Dragon's Claw,Zac,3.627450980392157,0.6666666666666666,0.21568627450980393,102
6865,2,Infinity Edge,Jayce,3.643835616438356,0.684931506849315,0.2054794520547945,146
6867,2,Infinity Edge,Jinx,3.65,0.6428571428571429,0.2714285714285714,140
7184,2,Morellonomicon,Ekko,3.65,0.6714285714285714,0.18571428571428572,140
6994,2,Jeweled Gauntlet,TahmKench,3.651006711409396,0.6577181208053692,0.24161073825503357,149
6011,2,Blue Buff,TahmKench,3.6617100371747213,0.654275092936803,0.2527881040892193,269
8430,2,Zz'Rot Portal,Zac,3.664285714285714,0.6428571428571429,0.2714285714285714,140
6592,2,Gargoyle Stoneplate,TahmKench,3.688622754491018,0.6407185628742516,0.2215568862275449,167
6598,2,Gargoyle Stoneplate,Zac,3.691729323308271,0.6466165413533834,0.21804511278195488,133
6716,2,Guinsoo's Rageblade,Jinx,3.701863354037267,0.6273291925465838,0.2360248447204969,161
8377,2,Zephyr,Vi,3.7155963302752295,0.6422018348623854,0.24770642201834864,109
6759,2,Hand Of Justice,Jinx,3.7524752475247523,0.6039603960396039,0.2871287128712871,101
7595,2,Redemption,Zac,3.7641509433962264,0.6320754716981132,0.19811320754716982,106
8172,2,Thief's Gloves,Vi,3.7712177121771218,0.6273062730627307,0.23247232472324722,271
7437,2,Rabadon's Deathcap,Vi,3.774436090225564,0.6015037593984962,0.22556390977443608,133
7745,2,Shroud of Stillness,Sejuani,3.7752808988764044,0.6348314606741573,0.16853932584269662,178
8175,2,Thief's Gloves,Zac,3.779591836734694,0.6081632653061224,0.24897959183673468,245
8211,2,Titan's Resolve,TahmKench,3.784037558685446,0.6384976525821596,0.2112676056338028,213
6957,2,Ionic Spark,Vi,3.8096774193548386,0.6306451612903226,0.18225806451612903,620
8428,2,Zz'Rot Portal,Vi,3.8135593220338984,0.6440677966101694,0.15254237288135594,118
6272,2,Chemtech Emblem,Vi,3.813664596273292,0.5900621118012422,0.2360248447204969,161
6631,2,Giant Slayer,TahmKench,3.8175182481751824,0.6496350364963503,0.23357664233576642,137
7385,2,Quicksilver,Sivir,3.8287937743190663,0.6459143968871596,0.17898832684824903,257
8044,2,Sunfire Cape,Zac,3.8514851485148514,0.6138613861386139,0.1485148514851485,101
7388,2,Quicksilver,TahmKench,3.852,0.608,0.22,250
7092,2,Locket of the Iron Solari,Zac,3.860869565217391,0.591304347826087,0.21739130434782608,115
7953,2,Statikk Shiv,Sivir,3.8730964467005076,0.6294416243654822,0.13705583756345177,197
8190,2,Titan's Resolve,Irelia,3.878504672897196,0.616822429906542,0.19626168224299065,107
6066,2,Bramble Vest,Zac,3.889830508474576,0.6186440677966102,0.2627118644067797,118
7435,2,Rabadon's Deathcap,TahmKench,3.890322580645161,0.6258064516129033,0.1935483870967742,155
6882,2,Infinity Edge,Sivir,3.8904593639575973,0.6183745583038869,0.17667844522968199,283
7089,2,Locket of the Iron Solari,Vi,3.893805309734513,0.6106194690265486,0.1415929203539823,113
7640,2,Runaan's Hurricane,Sivir,3.8955223880597014,0.6169154228855721,0.14925373134328357,201
8380,2,Zephyr,Zac,3.900990099009901,0.6039603960396039,0.18811881188118812,101
6556,2,Frozen Heart,Vi,3.9269102990033224,0.6245847176079734,0.16611295681063123,301
7031,2,Last Whisper,Sivir,3.929611650485437,0.6019417475728155,0.1820388349514563,412
5996,2,Blue Buff,Malzahar,3.9307692307692306,0.6,0.19230769230769232,130
6870,2,Infinity Edge,KhaZix,3.9574468085106385,0.6028368794326241,0.16312056737588654,141
7758,2,Shroud of Stillness,Vi,3.9859154929577465,0.5821596244131455,0.22535211267605634,213
5946,2,Bloodthirster,Irelia,3.992248062015504,0.6124031007751938,0.13565891472868216,258
5951,2,Bloodthirster,KhaZix,3.9927007299270074,0.5766423357664233,0.24087591240875914,137
8214,2,Titan's Resolve,Vi,4.00646830530401,0.6015523932729625,0.17981888745148772,773
7196,2,Morellonomicon,Malzahar,4.008196721311475,0.6065573770491803,0.20491803278688525,122
7077,2,Locket of the Iron Solari,Sejuani,4.01,0.62,0.11,100
7014,2,Last Whisper,Jayce,4.033057851239669,0.6528925619834711,0.1652892561983471,121
6415,2,Dragon's Claw,Vi,4.040160642570281,0.5602409638554217,0.1827309236947791,498
7214,2,Morellonomicon,Vi,4.056603773584905,0.5660377358490566,0.1509433962264151,212
6063,2,Bramble Vest,Vi,4.061598951507208,0.5740498034076016,0.16644823066841416,763
8041,2,Sunfire Cape,Vi,4.0625,0.5592105263157895,0.16447368421052633,304
7761,2,Shroud of Stillness,Zac,4.0701754385964914,0.5555555555555556,0.18128654970760233,171
8259,2,Warmog's Armor,Vi,4.073863636363637,0.5757575757575758,0.16098484848484848,528
6731,2,Guinsoo's Rageblade,Sivir,4.081534772182255,0.5971223021582733,0.13908872901678657,417
7593,2,Redemption,Vi,4.0818858560794045,0.5856079404466501,0.14640198511166252,403
7013,2,Last Whisper,Irelia,4.089887640449438,0.5730337078651685,0.15730337078651685,178
6866,2,Infinity Edge,Jhin,4.098765432098766,0.5802469135802469,0.16872427983539096,243
6864,2,Infinity Edge,Irelia,4.119850187265918,0.5805243445692884,0.1647940074906367,267
6611,2,Giant Slayer,Irelia,4.125,0.5390625,0.15625,128
8261,2,Warmog's Armor,Zac,4.155339805825243,0.5728155339805825,0.17475728155339806,103
7015,2,Last Whisper,Jhin,4.158995815899582,0.5564853556485355,0.18828451882845187,239
6628,2,Giant Slayer,Sivir,4.2,0.5434782608695652,0.13043478260869565,230
6003,2,Blue Buff,Renata,4.212322274881517,0.5459715639810426,0.17156398104265402,1055
6014,2,Blue Buff,Vi,4.217948717948718,0.5833333333333334,0.11538461538461539,156
6834,2,Hextech Gunblade,Renata,4.252947481243301,0.5380493033226152,0.16613076098606644,933
7202,2,Morellonomicon,Renata,4.255847953216374,0.5402046783625731,0.16666666666666666,1368
7422,2,Rabadon's Deathcap,MissFortune,4.277456647398844,0.5433526011560693,0.1907514450867052,173
7392,2,Quicksilver,Vi,4.296774193548387,0.5225806451612903,0.13548387096774195,155
6982,2,Jeweled Gauntlet,MissFortune,4.309210526315789,0.5328947368421053,0.15789473684210525,152
6829,2,Hextech Gunblade,Malzahar,4.3119266055045875,0.5963302752293578,0.10091743119266056,109
6595,2,Gargoyle Stoneplate,Vi,4.328431372549019,0.5514705882352942,0.12254901960784313,408
5995,2,Blue Buff,Lucian,4.338709677419355,0.5564516129032258,0.13709677419354838,124
6613,2,Giant Slayer,Jhin,4.354166666666667,0.5416666666666666,0.14583333333333334,192
7195,2,Morellonomicon,Lucian,4.404958677685951,0.5537190082644629,0.15702479338842976,121
6623,2,Giant Slayer,Renata,4.440559440559441,0.5034965034965035,0.16783216783216784,143
7427,2,Rabadon's Deathcap,Renata,4.472727272727273,0.4727272727272727,0.15454545454545454,110
7897,2,Spear of Shojin,MissFortune,4.5,0.5,0.1534090909090909,176
7011,2,Last Whisper,Gangplank,4.529801324503311,0.5165562913907285,0.16556291390728478,151
6619,2,Giant Slayer,MissFortune,4.610619469026549,0.4778761061946903,0.19469026548672566,113
5943,2,Bloodthirster,Gangplank,4.627551020408164,0.45408163265306123,0.15306122448979592,196
7903,2,Spear of Shojin,Renata,4.715909090909091,0.4696969696969697,0.11742424242424243,264
6862,2,Infinity Edge,Gangplank,4.734806629834254,0.430939226519337,0.16022099447513813,181
5997,2,Blue Buff,MissFortune,5.008928571428571,0.4107142857142857,0.13392857142857142,112
6182,2,Chalice of Power,MissFortune,5.55,0.32,0.11,100
10581,3,Runaan's Hurricane,Tryndamere,3.272727272727273,0.7424242424242424,0.26515151515151514,132
10859,3,Spear of Shojin,Viktor,3.3517241379310345,0.7206896551724138,0.23103448275862068,290
8499,3,Archangel's Staff,Kaisa,3.41726618705036,0.6618705035971223,0.2517985611510791,139
9420,3,Giant Slayer,Kaisa,3.4236453201970445,0.7142857142857143,0.2561576354679803,203
10080,3,Mutant Emblem,Ahri,3.4290780141843973,0.7021276595744681,0.24468085106382978,282
10315,3,Rabadon's Deathcap,Kaisa,3.4420289855072466,0.717391304347826,0.21014492753623187,138
9821,3,Ionic Spark,Zac,3.471794871794872,0.6974358974358974,0.2153846153846154,195
10884,3,Statikk Shiv,Kaisa,3.481012658227848,0.6867088607594937,0.2468354430379747,316
9866,3,Jeweled Gauntlet,Viktor,3.4913793103448274,0.6982758620689655,0.23275862068965517,116
10338,3,Rabadon's Deathcap,Viktor,3.5145631067961167,0.6796116504854369,0.22330097087378642,103
9656,3,Hextech Gunblade,Ahri,3.519083969465649,0.6870229007633588,0.2595419847328244,131
11421,3,Zz'Rot Portal,RekSai,3.519607843137255,0.7156862745098039,0.20588235294117646,102
9224,3,Edge of Night,Jinx,3.5357142857142856,0.6785714285714286,0.18571428571428572,140
9634,3,Hextech Emblem,Jinx,3.5511811023622046,0.6850393700787402,0.1889763779527559,127
9441,3,Giant Slayer,Tryndamere,3.559055118110236,0.6456692913385826,0.2204724409448819,127
9588,3,Hand Of Justice,Kaisa,3.6020408163265305,0.6479591836734694,0.23979591836734693,196
9675,3,Hextech Gunblade,Kaisa,3.607142857142857,0.6547619047619048,0.20634920634920634,252
9840,3,Jeweled Gauntlet,Kaisa,3.6149732620320854,0.6737967914438503,0.22459893048128343,187
8979,3,Challenger Emblem,Orianna,3.637037037037037,0.674074074074074,0.23703703703703705,135
10909,3,Statikk Shiv,Viktor,3.6412213740458017,0.6870229007633588,0.17557251908396945,131
9419,3,Giant Slayer,Jinx,3.6666666666666665,0.6754385964912281,0.18421052631578946,114
9608,3,Hand Of Justice,Tryndamere,3.668965517241379,0.6689655172413793,0.20689655172413793,145
9850,3,Jeweled Gauntlet,Quinn,3.69811320754717,0.6477987421383647,0.20754716981132076,159
9225,3,Edge of Night,Kaisa,3.7058823529411766,0.6470588235294118,0.24705882352941178,255
8946,3,Chalice of Power,Tryndamere,3.7079646017699117,0.6637168141592921,0.2743362831858407,113
10048,3,Morellonomicon,Kaisa,3.7296875,0.64375,0.209375,640
10264,3,Quicksilver,Kaisa,3.7425149700598803,0.6646706586826348,0.19161676646706588,167
10894,3,Statikk Shiv,Quinn,3.75974025974026,0.6233766233766234,0.20454545454545456,308
9536,3,Guinsoo's Rageblade,Kaisa,3.764525993883792,0.6299694189602446,0.2018348623853211,327
9330,3,Frozen Heart,KhaZix,3.794701986754967,0.6622516556291391,0.152317880794702,151
9587,3,Hand Of Justice,Jinx,3.7962962962962963,0.6296296296296297,0.18518518518518517,108
10684,3,Shroud of Stillness,RekSai,3.798076923076923,0.6057692307692307,0.18269230769230768,104
9632,3,Hextech Emblem,Jayce,3.8349514563106797,0.6213592233009708,0.13592233009708737,103
8684,3,Bloodthirster,Jinx,3.8359375,0.6328125,0.1796875,128
8701,3,Bloodthirster,Tryndamere,3.8637469586374698,0.6058394160583942,0.1922141119221411,411
11141,3,Thief's Gloves,Tryndamere,3.8761061946902653,0.6371681415929203,0.20353982300884957,113
9022,3,Chemtech Emblem,Quinn,3.8938906752411575,0.617363344051447,0.21221864951768488,311
10701,3,Shroud of Stillness,Zac,3.900763358778626,0.6183206106870229,0.183206106870229,131
11411,3,Zz'Rot Portal,Kassadin,3.9162303664921465,0.5968586387434555,0.20418848167539266,191
11151,3,Titan's Resolve,Alistar,3.917874396135266,0.642512077294686,0.1111111111111111,207
9544,3,Guinsoo's Rageblade,Quinn,3.9411764705882355,0.6102941176470589,0.21323529411764705,136
10286,3,Quicksilver,Tryndamere,3.941860465116279,0.6046511627906976,0.19767441860465115,172
9354,3,Frozen Heart,Zac,3.9423076923076925,0.6346153846153846,0.21153846153846154,104
9116,3,Deathblade,Tryndamere,3.945945945945946,0.6036036036036037,0.22522522522522523,111
9247,3,Edge of Night,Tryndamere,3.9523809523809526,0.6285714285714286,0.20952380952380953,105
11101,3,Thief's Gloves,Alistar,3.9541284403669725,0.6055045871559633,0.1651376146788991,109
9783,3,Ionic Spark,Alistar,3.96398891966759,0.6149584487534626,0.09418282548476455,361
11121,3,Thief's Gloves,KhaZix,3.9776119402985075,0.5970149253731343,0.1791044776119403,134
9400,3,Gargoyle Stoneplate,Zac,3.978723404255319,0.6170212765957447,0.18439716312056736,141
10324,3,Rabadon's Deathcap,Quinn,3.9849624060150375,0.5714285714285714,0.2556390977443609,133
10991,3,Sunfire Cape,Zac,3.9893048128342246,0.5775401069518716,0.20320855614973263,187
10833,3,Spear of Shojin,Kaisa,3.9921875,0.5859375,0.1640625,128
9446,3,Giant Slayer,Warwick,4.022556390977444,0.5864661654135338,0.21804511278195488,133
10488,3,Redemption,Alistar,4.027397260273973,0.6141552511415526,0.1278538812785388,438
11359,3,Zephyr,Sejuani,4.028846153846154,0.5769230769230769,0.1346153846153846,104
9348,3,Frozen Heart,Tryndamere,4.043165467625899,0.5851318944844125,0.19184652278177458,417
11311,3,Zeke's Herald,Tryndamere,4.045560747663552,0.580607476635514,0.19976635514018692,856
9313,3,Frozen Heart,Alistar,4.055350553505535,0.5756457564575646,0.12361623616236163,542
8633,3,Banshee's Claw,Lucian,4.068965517241379,0.593103448275862,0.08275862068965517,145
8926,3,Chalice of Power,Lucian,4.078313253012048,0.6204819277108434,0.07228915662650602,166
10953,3,Sunfire Cape,Alistar,4.0922431865828095,0.5786163522012578,0.11530398322851153,477
9158,3,Dragon's Claw,Alistar,4.096938775510204,0.5739795918367347,0.12755102040816327,392
10263,3,Quicksilver,Jinx,4.099099099099099,0.6036036036036037,0.18018018018018017,111
9362,3,Gargoyle Stoneplate,Alistar,4.111940298507463,0.5808457711442786,0.12935323383084577,804
10564,3,Runaan's Hurricane,KhaZix,4.150442477876106,0.584070796460177,0.1504424778761062,113
11285,3,Zeke's Herald,JarvanIV,4.15530303030303,0.5795454545454546,0.07196969696969698,264
9227,3,Edge of Night,KhaZix,4.159259259259259,0.5592592592592592,0.14814814814814814,270
9967,3,Locket of the Iron Solari,Zac,4.1655629139072845,0.5496688741721855,0.1456953642384106,151
10655,3,Shroud of Stillness,Alistar,4.1658986175115205,0.5668202764976958,0.0967741935483871,217
11210,3,Warmog's Armor,Alistar,4.167023554603855,0.563169164882227,0.09207708779443255,467
11395,3,Zz'Rot Portal,Alistar,4.174825174825175,0.5664335664335665,0.15384615384615385,143
8775,3,Bramble Vest,Alistar,4.17966573816156,0.5626740947075209,0.11281337047353761,718
11317,3,Zeke's Herald,Zac,4.198019801980198,0.5841584158415841,0.16831683168316833,101
11293,3,Zeke's Herald,Lucian,4.20079522862823,0.5566600397614314,0.10934393638170974,1006
10529,3,Redemption,Zac,4.201793721973094,0.5650224215246636,0.15695067264573992,223
8993,3,Challenger Emblem,Zac,4.206766917293233,0.5488721804511278,0.17669172932330826,266
9335,3,Frozen Heart,Nocturne,4.20873786407767,0.5485436893203883,0.12135922330097088,206
9590,3,Hand Of Justice,KhaZix,4.209944751381215,0.6077348066298343,0.11049723756906077,181
9889,3,Last Whisper,Jinx,4.21,0.56,0.15,100
9818,3,Ionic Spark,Vi,4.216867469879518,0.572289156626506,0.10843373493975904,166
10291,3,Quicksilver,Warwick,4.228571428571429,0.5565714285714286,0.17542857142857143,1750
9631,3,Hextech Emblem,Irelia,4.243421052631579,0.5526315789473685,0.09210526315789473,152
11193,3,Titan's Resolve,Warwick,4.259120171673819,0.5515021459227468,0.1582618025751073,1864
10032,3,Morellonomicon,Alistar,4.26013986013986,0.5454545454545454,0.08811188811188811,715
11189,3,Titan's Resolve,Tryndamere,4.264840182648402,0.54337899543379,0.1461187214611872,219
9559,3,Guinsoo's Rageblade,Warwick,4.2704011065006915,0.549792531120332,0.16459197786998617,1446
9678,3,Hextech Gunblade,Lucian,4.2745098039215685,0.5294117647058824,0.0784313725490196,102
9747,3,Infinity Edge,Tryndamere,4.2770083102493075,0.5346260387811634,0.13019390581717452,361
9941,3,Locket of the Iron Solari,Lucian,4.2772277227722775,0.594059405940594,0.09900990099009901,101
10698,3,Shroud of Stillness,Vi,4.287037037037037,0.5370370370370371,0.1111111111111111,108
9193,3,Dragon's Claw,Vi,4.292857142857143,0.5142857142857142,0.08571428571428572,140
8742,3,Blue Buff,Quinn,4.293706293706293,0.5734265734265734,0.15384615384615385,143
8686,3,Bloodthirster,KhaZix,4.294642857142857,0.5290178571428571,0.12723214285714285,448
10910,3,Statikk Shiv,Warwick,4.3023255813953485,0.562015503875969,0.1937984496124031,258
11144,3,Thief's Gloves,Vi,4.314516129032258,0.5483870967741935,0.13709677419354838,124
9535,3,Guinsoo's Rageblade,Jinx,4.317365269461078,0.5089820359281437,0.15568862275449102,167
9906,3,Last Whisper,Tryndamere,4.318725099601593,0.5418326693227091,0.15139442231075698,251
9787,3,Ionic Spark,ChoGath,4.333333333333333,0.5192307692307693,0.11538461538461539,156
9161,3,Dragon's Claw,ChoGath,4.334600760456274,0.5361216730038023,0.13307984790874525,263
11249,3,Warmog's Armor,Zac,4.34020618556701,0.5412371134020618,0.13402061855670103,194
10266,3,Quicksilver,KhaZix,4.362745098039215,0.5294117647058824,0.12254901960784313,204
10843,3,Spear of Shojin,Quinn,4.365650969529086,0.5263157894736842,0.15512465373961218,722
10391,3,Rapid Firecannon,KhaZix,4.367875647668394,0.5259067357512953,0.11658031088082901,386
10902,3,Statikk Shiv,Sivir,4.376004947433519,0.5275200989486704,0.09214594928880643,1617
9728,3,Infinity Edge,Jinx,4.380165289256198,0.5619834710743802,0.1322314049586777,121
9366,3,Gargoyle Stoneplate,ChoGath,4.381877022653722,0.5080906148867314,0.12944983818770225,309
10117,3,Mutant Emblem,Vi,4.389380530973451,0.49557522123893805,0.12389380530973451,113
8780,3,Bramble Vest,ChoGath,4.389578163771712,0.5186104218362283,0.12406947890818859,403
8814,3,Bramble Vest,Zac,4.397350993377484,0.48344370860927155,0.12582781456953643,151
10058,3,Morellonomicon,Quinn,4.416289592760181,0.5158371040723982,0.1085972850678733,221
9651,3,Hextech Emblem,Vi,4.418326693227091,0.5258964143426295,0.099601593625498,251
9422,3,Giant Slayer,KhaZix,4.427710843373494,0.5301204819277109,0.10843373493975904,166
9424,3,Giant Slayer,Malzahar,4.430051813471502,0.5129533678756477,0.10880829015544041,193
10492,3,Redemption,ChoGath,4.448660714285714,0.5044642857142857,0.13169642857142858,448
10053,3,Morellonomicon,Malzahar,4.483476132190942,0.5030599755201959,0.13708690330477355,817
10052,3,Morellonomicon,Lucian,4.484076433121019,0.5031847133757962,0.11464968152866242,157
10282,3,Quicksilver,Sivir,4.502759043531576,0.5125689760882894,0.08215818516247701,1631
9679,3,Hextech Gunblade,Malzahar,4.522842639593908,0.501269035532995,0.13705583756345177,788
10988,3,Sunfire Cape,Vi,4.531746031746032,0.49206349206349204,0.09523809523809523,126
10320,3,Rabadon's Deathcap,Malzahar,4.537142857142857,0.49714285714285716,0.12,175
10686,3,Shroud of Stillness,Sejuani,4.549668874172186,0.4768211920529801,0.09271523178807947,151
8737,3,Blue Buff,Malzahar,4.550480769230769,0.49158653846153844,0.1310096153846154,832
9000,3,Chemtech Emblem,Camille,4.553030303030303,0.4772727272727273,0.1590909090909091,132
9731,3,Infinity Edge,KhaZix,4.55614973262032,0.5026737967914439,0.09982174688057041,561
8698,3,Bloodthirster,Sivir,4.575757575757576,0.5,0.045454545454545456,132
10957,3,Sunfire Cape,ChoGath,4.584070796460177,0.49557522123893805,0.11504424778761062,113
11214,3,Warmog's Armor,ChoGath,4.586363636363636,0.4863636363636364,0.10909090909090909,220
9436,3,Giant Slayer,Sivir,4.601837672281777,0.47013782542113325,0.08728943338437979,653
9397,3,Gargoyle Stoneplate,Vi,4.603305785123967,0.48760330578512395,0.024793388429752067,121
9718,3,Infinity Edge,Draven,4.6104651162790695,0.5,0.08139534883720931,172
9604,3,Hand Of Justice,Sivir,4.6127659574468085,0.4978723404255319,0.06808510638297872,235
10579,3,Runaan's Hurricane,Sivir,4.639097744360902,0.46616541353383456,0.09022556390977443,266
9845,3,Jeweled Gauntlet,Malzahar,4.654377880184332,0.4700460829493088,0.10138248847926268,217
9551,3,Guinsoo's Rageblade,Sivir,4.674488267598602,0.47229156265601596,0.07788317523714429,2003
9903,3,Last Whisper,Sivir,4.679862306368331,0.4664371772805508,0.08089500860585198,581
11191,3,Titan's Resolve,Vi,4.695364238410596,0.4370860927152318,0.07947019867549669,151
9844,3,Jeweled Gauntlet,Lucian,4.697478991596639,0.4957983193277311,0.04201680672268908,119
9242,3,Edge of Night,Sivir,4.700854700854701,0.46153846153846156,0.05982905982905983,117
11155,3,Titan's Resolve,ChoGath,4.709779179810726,0.4668769716088328,0.10094637223974763,317
10526,3,Redemption,Vi,4.719626168224299,0.4205607476635514,0.056074766355140186,107
8736,3,Blue Buff,Lucian,4.7254901960784315,0.4803921568627451,0.0392156862745098,102
9319,3,Frozen Heart,Ekko,4.736170212765957,0.46808510638297873,0.10638297872340426,235
8734,3,Blue Buff,KhaZix,4.743119266055046,0.46788990825688076,0.08256880733944955,109
10887,3,Statikk Shiv,Lucian,4.75,0.47560975609756095,0.07926829268292683,164
11177,3,Titan's Resolve,RekSai,4.774774774774775,0.42342342342342343,0.16216216216216217,111
8811,3,Bramble Vest,Vi,4.782407407407407,0.4305555555555556,0.05555555555555555,216
10889,3,Statikk Shiv,Malzahar,4.815789473684211,0.43859649122807015,0.10526315789473684,114
9423,3,Giant Slayer,Lucian,4.820754716981132,0.44339622641509435,0.05660377358490566,106
10072,3,Morellonomicon,Vi,4.824074074074074,0.46296296296296297,0.06481481481481481,108
9892,3,Last Whisper,KhaZix,4.8277310924369745,0.4579831932773109,0.10084033613445378,238
9112,3,Deathblade,Sivir,4.839416058394161,0.46715328467153283,0.043795620437956206,137
10935,3,Striker Emblem,Lucian,4.8396946564885495,0.46564885496183206,0.05343511450381679,131
9409,3,Giant Slayer,Draven,4.851239669421488,0.4380165289256198,0.09090909090909091,121
9686,3,Hextech Gunblade,Renata,4.868852459016393,0.38524590163934425,0.10655737704918032,122
9351,3,Frozen Heart,Vi,4.887096774193548,0.4112903225806452,0.07258064516129033,124
8744,3,Blue Buff,Renata,4.903846153846154,0.4230769230769231,0.0641025641025641,156
10060,3,Morellonomicon,Renata,4.909090909090909,0.4268774703557312,0.08695652173913043,253
9743,3,Infinity Edge,Sivir,4.911949685534591,0.42348008385744235,0.06289308176100629,477
9885,3,Last Whisper,Irelia,4.913043478260869,0.4260869565217391,0.043478260869565216,115
11282,3,Zeke's Herald,Gnar,4.920353982300885,0.415929203539823,0.035398230088495575,113
8680,3,Bloodthirster,Irelia,4.947368421052632,0.41626794258373206,0.04784688995215311,209
9724,3,Infinity Edge,Irelia,4.948356807511737,0.4272300469483568,0.06572769953051644,213
10838,3,Spear of Shojin,Malzahar,4.954022988505747,0.4099616858237548,0.1111111111111111,261
11246,3,Warmog's Armor,Vi,5.012195121951219,0.3719512195121951,0.04878048780487805,164
10039,3,Morellonomicon,Ekko,5.096774193548387,0.3951612903225806,0.07258064516129033,124
8674,3,Bloodthirster,Draven,5.11,0.39,0.08,100
9525,3,Guinsoo's Rageblade,Draven,5.22463768115942,0.35507246376811596,0.043478260869565216,138
12962,4,Runaan's Hurricane,Jinx,3.1826923076923075,0.7307692307692307,0.2403846153846154,104
12732,4,Quicksilver,Jinx,3.2429906542056073,0.7570093457943925,0.24299065420560748,107
12261,4,Hand Of Justice,Viktor,3.4198473282442747,0.7251908396946565,0.21374045801526717,131
11522,4,Archangel's Staff,Viktor,3.5140845070422535,0.6901408450704225,0.19718309859154928,142
11992,4,Edge of Night,Jinx,3.517766497461929,0.6903553299492385,0.233502538071066,197
11466,4,Arcanist Emblem,Jinx,3.5265151515151514,0.6704545454545454,0.21212121212121213,264
12318,4,Hextech Gunblade,Viktor,3.5517241379310347,0.6666666666666666,0.21264367816091953,174
11626,4,Bloodthirster,Jinx,3.55688622754491,0.6646706586826348,0.18562874251497005,167
12111,4,Giant Slayer,Jinx,3.5848214285714284,0.6741071428571429,0.16517857142857142,224
13217,4,Statikk Shiv,Jinx,3.6067961165048543,0.6699029126213593,0.17475728155339806,206
12051,4,Frozen Heart,Morgana,3.619047619047619,0.6761904761904762,0.1523809523809524,105
12014,4,Edge of Night,Viktor,3.6328125,0.6328125,0.15625,128
12793,4,Rabadon's Deathcap,Viktor,3.670995670995671,0.658008658008658,0.20346320346320346,231
13202,4,Spear of Shojin,Viktor,3.680327868852459,0.6498829039812647,0.18032786885245902,854
11482,4,Arcanist Emblem,Silco,3.6875,0.6477272727272727,0.17045454545454544,176
12197,4,Guinsoo's Rageblade,Jinx,3.693877551020408,0.6836734693877551,0.15306122448979592,196
13237,4,Statikk Shiv,Viktor,3.7119815668202767,0.6497695852534562,0.18663594470046083,434
11686,4,Blue Buff,Viktor,3.7245283018867923,0.630188679245283,0.17735849056603772,265
12238,4,Hand Of Justice,Jinx,3.7260273972602738,0.6575342465753424,0.1780821917808219,146
12873,4,Recurve Bow,Jinx,3.727891156462585,0.6462585034013606,0.16326530612244897,147
12340,4,Infinity Edge,Jinx,3.7318435754189943,0.6480446927374302,0.18994413407821228,179
12362,4,Infinity Edge,Viktor,3.739130434782609,0.6304347826086957,0.16666666666666666,138
12471,4,Last Whisper,Jinx,3.775,0.6,0.175,120
11817,4,Chalice of Power,Viktor,3.8034188034188032,0.6709401709401709,0.12393162393162394,234
12452,4,Jeweled Gauntlet,Viktor,3.8360655737704916,0.6209016393442623,0.18032786885245902,488
12134,4,Giant Slayer,Viktor,3.948453608247423,0.5979381443298969,0.16494845360824742,291
12216,4,Guinsoo's Rageblade,Viktor,3.9551282051282053,0.6153846153846154,0.1282051282051282,156
12754,4,Quicksilver,Viktor,3.97196261682243,0.5700934579439252,0.17757009345794392,107
11475,4,Arcanist Emblem,Orianna,3.9734513274336285,0.5486725663716814,0.1504424778761062,113
12412,4,Ionic Spark,Swain,3.9734513274336285,0.6106194690265486,0.11504424778761062,113
11799,4,Chalice of Power,Lulu,3.9784172661870505,0.6115107913669064,0.18705035971223022,139
12405,4,Ionic Spark,Morgana,4.06701030927835,0.5567010309278351,0.13917525773195877,194
12060,4,Frozen Heart,Vex,4.067510548523207,0.5654008438818565,0.16033755274261605,237
13616,4,Zz'Rot Portal,Swain,4.072222222222222,0.6166666666666667,0.15,180
13069,4,Shroud of Stillness,Swain,4.078947368421052,0.5986842105263158,0.125,152
11552,4,B.F. Sword,Jinx,4.154545454545454,0.5181818181818182,0.18181818181818182,110
13516,4,Zeke's Herald,Malzahar,4.158878504672897,0.5607476635514018,0.07476635514018691,107
13293,4,Sunfire Cape,Vex,4.180743243243243,0.5625,0.12331081081081081,592
13058,4,Shroud of Stillness,Morgana,4.2,0.525,0.15,120
13620,4,Zz'Rot Portal,Vex,4.222222222222222,0.5416666666666666,0.10317460317460317,504
11591,4,Banshee's Claw,Lulu,4.225,0.525,0.175,120
12346,4,Infinity Edge,Malzahar,4.235294117647059,0.5392156862745098,0.09803921568627451,102
13446,4,Titan's Resolve,Swain,4.26,0.53,0.1,100
13073,4,Shroud of Stillness,Vex,4.272222222222222,0.5277777777777778,0.12222222222222222,360
12092,4,Gargoyle Stoneplate,Vex,4.276901004304161,0.53012912482066,0.12266857962697274,1394
13608,4,Zz'Rot Portal,Morgana,4.286764705882353,0.5294117647058824,0.08823529411764706,136
12414,4,Ionic Spark,Vex,4.2894736842105265,0.5350877192982456,0.12280701754385964,798
11472,4,Arcanist Emblem,Lulu,4.302816901408451,0.5387323943661971,0.1443661971830986,284
11592,4,Banshee's Claw,Malzahar,4.304,0.528,0.104,125
12932,4,Redemption,Vex,4.308605341246291,0.5192878338278932,0.13501483679525222,674
11784,4,Chalice of Power,Ahri,4.361702127659575,0.5177304964539007,0.11347517730496454,141
12227,4,Hand Of Justice,Ahri,4.375,0.5,0.11805555555555555,144
13489,4,Warmog's Armor,Vex,4.382266009852216,0.5172413793103449,0.11724137931034483,1015
11608,4,Banshee's Claw,Ziggs,4.39,0.48,0.16,100
13464,4,Warmog's Armor,Braum,4.401709401709402,0.5042735042735043,0.11965811965811966,117
12185,4,Guinsoo's Rageblade,Ahri,4.405882352941177,0.5352941176470588,0.1,170
13206,4,Statikk Shiv,Ahri,4.412903225806452,0.5032258064516129,0.12580645161290321,310
12579,4,Morellonomicon,Ahri,4.418777943368108,0.5156482861400894,0.11475409836065574,671
11622,4,Bloodthirster,Gnar,4.419047619047619,0.4857142857142857,0.13333333333333333,105
11733,4,Bramble Vest,Vex,4.422439759036145,0.5060240963855421,0.10768072289156627,1328
12344,4,Infinity Edge,Lucian,4.42741935483871,0.5241935483870968,0.09274193548387097,248
13403,4,Thief's Gloves,Swain,4.430463576158941,0.5033112582781457,0.10596026490066225,151
13438,4,Titan's Resolve,Morgana,4.431506849315069,0.4931506849315068,0.1232876712328767,146
12288,4,Hextech Gunblade,Ahri,4.435555555555555,0.5128888888888888,0.09333333333333334,1125
12434,4,Jeweled Gauntlet,Lucian,4.435691318327974,0.5016077170418006,0.1157556270096463,622
11710,4,Bramble Vest,Braum,4.4375,0.4921875,0.1015625,128
12752,4,Quicksilver,Vex,4.455855855855856,0.5072072072072072,0.11981981981981982,1110
12243,4,Hand Of Justice,Lucian,4.472049689440993,0.4906832298136646,0.11801242236024845,161
12481,4,Last Whisper,Senna,4.47244094488189,0.5039370078740157,0.11811023622047244,127
12920,4,Redemption,Morgana,4.472803347280335,0.49372384937238495,0.11715481171548117,239
12594,4,Morellonomicon,Malzahar,4.48685857321652,0.493116395494368,0.10137672090112641,799
11471,4,Arcanist Emblem,Lucian,4.490616621983914,0.5067024128686327,0.08847184986595175,373
12097,4,Giant Slayer,Ahri,4.493243243243243,0.47297297297297297,0.1036036036036036,444
13449,4,Titan's Resolve,Vex,4.49537037037037,0.4826388888888889,0.10300925925925926,864
11474,4,Arcanist Emblem,Morgana,4.520618556701031,0.48195876288659795,0.1134020618556701,388
12116,4,Giant Slayer,Malzahar,4.529605263157895,0.45723684210526316,0.12828947368421054,304
11803,4,Chalice of Power,Orianna,4.537037037037037,0.4722222222222222,0.08333333333333333,108
11653,4,Blue Buff,Ahri,4.558035714285714,0.48214285714285715,0.08630952380952381,1344
12300,4,Hextech Gunblade,Lucian,4.558194774346793,0.47030878859857483,0.12114014251781473,421
12114,4,Giant Slayer,Lucian,4.5584045584045585,0.4757834757834758,0.1168091168091168,351
11967,4,Dragon's Claw,Vex,4.561181434599156,0.4767932489451477,0.09985935302390998,711
12596,4,Morellonomicon,Morgana,4.5816993464052285,0.477124183006536,0.09803921568627451,153
11800,4,Chalice of Power,Malzahar,4.608695652173913,0.5108695652173914,0.07971014492753623,276
13408,4,Thief's Gloves,Vex,4.613138686131387,0.46715328467153283,0.08029197080291971,137
12102,4,Giant Slayer,Corki,4.617021276595745,0.46808510638297873,0.11702127659574468,282
11668,4,Blue Buff,Lucian,4.627300613496932,0.45858895705521474,0.10736196319018405,652
12466,4,Last Whisper,Gangplank,4.631728045325779,0.46742209631728043,0.1274787535410765,353
13570,4,Zephyr,Vex,4.6328125,0.4765625,0.09375,128
13284,4,Sunfire Cape,Morgana,4.645161290322581,0.4596774193548387,0.08064516129032258,124
11670,4,Blue Buff,Malzahar,4.646017699115045,0.46194690265486726,0.12035398230088495,565
12775,4,Rabadon's Deathcap,Lucian,4.649595687331536,0.4609164420485175,0.1105121293800539,371
12764,4,Rabadon's Deathcap,Corki,4.6521739130434785,0.4673913043478261,0.1358695652173913,184
11621,4,Bloodthirster,Gangplank,4.654867256637168,0.4668141592920354,0.12389380530973451,452
12593,4,Morellonomicon,Lucian,4.661016949152542,0.4548022598870056,0.096045197740113,354
12584,4,Morellonomicon,Corki,4.664921465968586,0.44502617801047123,0.11518324607329843,191
11788,4,Chalice of Power,Corki,4.675531914893617,0.4734042553191489,0.11702127659574468,188
11456,4,Arcanist Emblem,Corki,4.691666666666666,0.43333333333333335,0.1,120
11724,4,Bramble Vest,Morgana,4.697278911564626,0.4523809523809524,0.08503401360544217,294
12084,4,Gargoyle Stoneplate,Morgana,4.701639344262295,0.45901639344262296,0.09508196721311475,305
12420,4,Jeweled Gauntlet,Ahri,4.712592592592593,0.46370370370370373,0.07555555555555556,675
12352,4,Infinity Edge,Senna,4.72,0.432,0.096,125
11959,4,Dragon's Claw,Morgana,4.722222222222222,0.4222222222222222,0.09444444444444444,180
12777,4,Rabadon's Deathcap,Malzahar,4.731182795698925,0.42473118279569894,0.10752688172043011,186
12761,4,Rabadon's Deathcap,Ahri,4.73121387283237,0.430635838150289,0.08670520231213873,346
12302,4,Hextech Gunblade,Malzahar,4.734870317002882,0.4423631123919308,0.09798270893371758,694
13222,4,Statikk Shiv,Malzahar,4.740458015267175,0.4580152671755725,0.0648854961832061,262
13210,4,Statikk Shiv,Corki,4.7539267015706805,0.44502617801047123,0.1099476439790576,191
12727,4,Quicksilver,Gangplank,4.763313609467455,0.4378698224852071,0.13609467455621302,169
12436,4,Jeweled Gauntlet,Malzahar,4.766871165644171,0.450920245398773,0.0705521472392638,326
13186,4,Spear of Shojin,Malzahar,4.773420479302832,0.4444444444444444,0.08061002178649238,459
13478,4,Warmog's Armor,Morgana,4.780269058295964,0.452914798206278,0.07174887892376682,223
12334,4,Infinity Edge,Gangplank,4.791666666666667,0.44166666666666665,0.1,360
12423,4,Jeweled Gauntlet,Corki,4.803370786516854,0.4297752808988764,0.08426966292134831,356
13220,4,Statikk Shiv,Lucian,4.806878306878307,0.455026455026455,0.07407407407407407,378
12740,4,Quicksilver,Morgana,4.823529411764706,0.39705882352941174,0.11764705882352941,136
13171,4,Spear of Shojin,Ahri,4.824925816023739,0.4332344213649852,0.0771513353115727,337
12327,4,Infinity Edge,Ahri,4.8542713567839195,0.4321608040201005,0.08040201005025126,199
12106,4,Giant Slayer,Gangplank,4.897142857142857,0.45714285714285713,0.08,175
12331,4,Infinity Edge,Corki,4.943502824858757,0.3954802259887006,0.07909604519774012,177
13424,4,Titan's Resolve,Gangplank,4.959276018099548,0.3936651583710407,0.10407239819004525,221
11657,4,Blue Buff,Corki,4.9840954274353875,0.40556660039761433,0.09145129224652088,503
12291,4,Hextech Gunblade,Corki,4.986607142857143,0.39285714285714285,0.08035714285714286,224
12208,4,Guinsoo's Rageblade,Senna,5.009433962264151,0.3867924528301887,0.05660377358490566,106
11820,4,Chalice of Power,Ziggs,5.194444444444445,0.3425925925925926,0.046296296296296294,108
