,trait_name,trait_style,avg_placement,top4_rate,win_rate,games,level_freq,cluster,play_rate,stack_value
0,Arcanist,1,4.34809192494202,0.5306767868437697,0.1461100569259962,4743,0.495404219761855,0,0.9126894367790093,0.45215019831239195
1,Arcanist,1,4.34809192494202,0.5306767868437697,0.1461100569259962,4743,0.495404219761855,1,0.9115316901408451,0.45157664574243034
2,Arcanist,1,4.34809192494202,0.5306767868437697,0.1461100569259962,4743,0.495404219761855,2,0.9058789458441935,0.44877625236463436
3,Arcanist,1,4.34809192494202,0.5306767868437697,0.1461100569259962,4743,0.495404219761855,3,0.9163189615206305,0.4539482801851212
4,Arcanist,1,4.34809192494202,0.5306767868437697,0.1461100569259962,4743,0.495404219761855,4,0.9645408163265307,0.4778375905407076
5,Arcanist,2,4.835796387520525,0.4236453201970443,0.08374384236453201,1827,0.19082932943388342,0,0.9126894367790093,0.17416791320192707
6,Arcanist,2,4.835796387520525,0.4236453201970443,0.08374384236453201,1827,0.19082932943388342,1,0.9115316901408451,0.1739469811873119
7,Arcanist,2,4.835796387520525,0.4236453201970443,0.08374384236453201,1827,0.19082932943388342,2,0.9058789458441935,0.17286827178372063
8,Arcanist,2,4.835796387520525,0.4236453201970443,0.08374384236453201,1827,0.19082932943388342,3,0.9163189615206305,0.17486053297453436
9,Arcanist,2,4.835796387520525,0.4236453201970443,0.08374384236453201,1827,0.19082932943388342,4,0.9645408163265307,0.18406267719120237
10,Arcanist,3,4.593892433910665,0.4731084776663628,0.09617137648131267,2194,0.22916231460204722,0,0.9126894367790093,0.2091540238451166
11,Arcanist,3,4.593892433910665,0.4731084776663628,0.09617137648131267,2194,0.22916231460204722,1,0.9115316901408451,0.20888871194579217
12,Arcanist,3,4.593892433910665,0.4731084776663628,0.09617137648131267,2194,0.22916231460204722,2,0.9058789458441935,0.20759331597891797
13,Arcanist,3,4.593892433910665,0.4731084776663628,0.09617137648131267,2194,0.22916231460204722,3,0.9163189615206305,0.20998577413581193
14,Arcanist,3,4.593892433910665,0.4731084776663628,0.09617137648131267,2194,0.22916231460204722,4,0.9645408163265307,0.22103640599753588
15,Arcanist,4,3.7604938271604937,0.6506172839506172,0.1580246913580247,810,0.08460413620221433,0,0.9126894367790093,0.07721730141957359
16,Arcanist,4,3.7604938271604937,0.6506172839506172,0.1580246913580247,810,0.08460413620221433,1,0.9115316901408451,0.07711935126531068
17,Arcanist,4,3.7604938271604937,0.6506172839506172,0.1580246913580247,810,0.08460413620221433,2,0.9058789458441935,0.07664110571692048
18,Arcanist,4,3.7604938271604937,0.6506172839506172,0.1580246913580247,810,0.08460413620221433,3,0.9163189615206305,0.077524374225163
19,Arcanist,4,3.7604938271604937,0.6506172839506172,0.1580246913580247,810,0.08460413620221433,4,0.9645408163265307,0.08160414259708479
20,Assassin,1,4.330759651307597,0.5354919053549191,0.12851805728518056,4015,0.8371559633027523,0,0.6638769509160823,0.555768548358647
21,Assassin,1,4.330759651307597,0.5354919053549191,0.12851805728518056,4015,0.8371559633027523,1,0.6751760563380281,0.5652276618426153
22,Assassin,1,4.330759651307597,0.5354919053549191,0.12851805728518056,4015,0.8371559633027523,2,0.6382855487981466,0.5343445534663384
23,Assassin,1,4.330759651307597,0.5354919053549191,0.12851805728518056,4015,0.8371559633027523,3,0.6611033843300881,0.5534466405515646
24,Assassin,1,4.330759651307597,0.5354919053549191,0.12851805728518056,4015,0.8371559633027523,4,0.6428571428571429,0.5381716906946266
25,Assassin,2,4.0046728971962615,0.6090342679127726,0.13395638629283488,642,0.13386155129274396,0,0.6638769509160823,0.08886759851712363
26,Assassin,2,4.0046728971962615,0.6090342679127726,0.13395638629283488,642,0.13386155129274396,1,0.6751760563380281,0.09038011429712554
27,Assassin,2,4.0046728971962615,0.6090342679127726,0.13395638629283488,642,0.13386155129274396,2,0.6382855487981466,0.08544189372986033
28,Assassin,2,4.0046728971962615,0.6090342679127726,0.13395638629283488,642,0.13386155129274396,3,0.6611033843300881,0.08849632459130871
29,Assassin,2,4.0046728971962615,0.6090342679127726,0.13395638629283488,642,0.13386155129274396,4,0.6428571428571429,0.08605385440247827
30,Assassin,3,3.661870503597122,0.6762589928057554,0.1510791366906475,139,0.028982485404503752,0,0.6638769509160823,0.01924080404031181
31,Assassin,3,3.661870503597122,0.6762589928057554,0.1510791366906475,139,0.028982485404503752,1,0.6751760563380281,0.019568280198287304
32,Assassin,3,3.661870503597122,0.6762589928057554,0.1510791366906475,139,0.028982485404503752,2,0.6382855487981466,0.01849910160194795
33,Assassin,3,3.661870503597122,0.6762589928057554,0.1510791366906475,139,0.028982485404503752,3,0.6611033843300881,0.01916041918721481
34,Assassin,3,3.661870503597122,0.6762589928057554,0.1510791366906475,139,0.028982485404503752,4,0.6428571428571429,0.01863159776003813
35,Bodyguard,1,4.460611179361179,0.5049907862407862,0.13152641277641278,13024,0.9118532521179024,0,0.9923094322551459,0.9048405829091241
36,Bodyguard,1,4.460611179361179,0.5049907862407862,0.13152641277641278,13024,0.9118532521179024,1,0.9694102112676056,0.883959853780669
37,Bodyguard,1,4.460611179361179,0.5049907862407862,0.13152641277641278,13024,0.9118532521179024,2,0.966406023747466,0.8812204756204576
38,Bodyguard,1,4.460611179361179,0.5049907862407862,0.13152641277641278,13024,0.9118532521179024,3,0.9656930922577655,0.8805703867230369
39,Bodyguard,1,4.460611179361179,0.5049907862407862,0.13152641277641278,13024,0.9118532521179024,4,0.9663265306122449,0.8811479895465852
40,Bodyguard,2,4.503040834057342,0.5013032145960035,0.12858384013900956,1151,0.08058531120912973,0,0.9923094322551459,0.07996556441403577
41,Bodyguard,2,4.503040834057342,0.5013032145960035,0.12858384013900956,1151,0.08058531120912973,1,0.9694102112676056,0.0781202235643082
42,Bodyguard,2,4.503040834057342,0.5013032145960035,0.12858384013900956,1151,0.08058531120912973,2,0.966406023747466,0.07787813017806716
43,Bodyguard,2,4.503040834057342,0.5013032145960035,0.12858384013900956,1151,0.08058531120912973,3,0.9656930922577655,0.07782067837209886
44,Bodyguard,2,4.503040834057342,0.5013032145960035,0.12858384013900956,1151,0.08058531120912973,4,0.9663265306122449,0.0778717241990264
45,Bodyguard,3,4.3478260869565215,0.5434782608695652,0.10869565217391304,92,0.00644122383252818,0,0.9923094322551459,0.0063916871642843535
46,Bodyguard,3,4.3478260869565215,0.5434782608695652,0.10869565217391304,92,0.00644122383252818,1,0.9694102112676056,0.00624418815631308
47,Bodyguard,3,4.3478260869565215,0.5434782608695652,0.10869565217391304,92,0.00644122383252818,2,0.966406023747466,0.006224837512060972
48,Bodyguard,3,4.3478260869565215,0.5434782608695652,0.10869565217391304,92,0.00644122383252818,3,0.9656930922577655,0.006220245360758553
49,Bodyguard,3,4.3478260869565215,0.5434782608695652,0.10869565217391304,92,0.00644122383252818,4,0.9663265306122449,0.006224325478983864
50,Bodyguard,4,2.5,0.75,0.5625,16,0.0011202128404396835,0,0.9923094322551459,0.0011115977677016266
51,Bodyguard,4,2.5,0.75,0.5625,16,0.0011202128404396835,1,0.9694102112676056,0.0010859457663153181
52,Bodyguard,4,2.5,0.75,0.5625,16,0.0011202128404396835,2,0.966406023747466,0.001082580436880169
53,Bodyguard,4,2.5,0.75,0.5625,16,0.0011202128404396835,3,0.9656930922577655,0.0010817818018710528
54,Bodyguard,4,2.5,0.75,0.5625,16,0.0011202128404396835,4,0.9663265306122449,0.0010824913876493678
55,Bruiser,1,4.474406198399594,0.5100978026165376,0.13197002413311318,7873,0.6557008411759807,0,0.9452612531101561,0.619808598795391
56,Bruiser,1,4.474406198399594,0.5100978026165376,0.13197002413311318,7873,0.6557008411759807,1,0.9460827464788732,0.6203472526882793
57,Bruiser,1,4.474406198399594,0.5100978026165376,0.13197002413311318,7873,0.6557008411759807,2,0.9953663481030988,0.6526625517294659
58,Bruiser,1,4.474406198399594,0.5100978026165376,0.13197002413311318,7873,0.6557008411759807,3,0.9585071859063514,0.6284939680720167
59,Bruiser,1,4.474406198399594,0.5100978026165376,0.13197002413311318,7873,0.6557008411759807,4,0.9410714285714286,0.6170613273209675
60,Bruiser,2,4.763817577771066,0.44971307762005436,0.10299003322259136,3311,0.2757558091113517,0,0.9452612531101561,0.26066128167300134
61,Bruiser,2,4.763817577771066,0.44971307762005436,0.10299003322259136,3311,0.2757558091113517,1,0.9460827464788732,0.26088781324157156
62,Bruiser,2,4.763817577771066,0.44971307762005436,0.10299003322259136,3311,0.2757558091113517,2,0.9953663481030988,0.2744780526833814
63,Bruiser,2,4.763817577771066,0.44971307762005436,0.10299003322259136,3311,0.2757558091113517,3,0.9585071859063514,0.2643139245886508
64,Bruiser,2,4.763817577771066,0.44971307762005436,0.10299003322259136,3311,0.2757558091113517,4,0.9410714285714286,0.25950591321728994
65,Bruiser,3,4.115236875800256,0.5813060179257362,0.1882202304737516,781,0.06504539018905639,0,0.9452612531101561,0.061484887039146494
66,Bruiser,3,4.115236875800256,0.5813060179257362,0.1882202304737516,781,0.06504539018905639,1,0.9460827464788732,0.06153832139585243
67,Bruiser,3,4.115236875800256,0.5813060179257362,0.1882202304737516,781,0.06504539018905639,2,0.9953663481030988,0.06474399249342219
68,Bruiser,3,4.115236875800256,0.5813060179257362,0.1882202304737516,781,0.06504539018905639,3,0.9585071859063514,0.06234647390629304
69,Bruiser,3,4.115236875800256,0.5813060179257362,0.1882202304737516,781,0.06504539018905639,4,0.9410714285714286,0.06121235826720128
70,Bruiser,4,2.8333333333333335,0.7619047619047619,0.38095238095238093,42,0.003497959523611227,0,0.9452612531101561,0.0033064856026173532
71,Bruiser,4,2.8333333333333335,0.7619047619047619,0.38095238095238093,42,0.003497959523611227,1,0.9460827464788732,0.003309359153170041
72,Bruiser,4,2.8333333333333335,0.7619047619047619,0.38095238095238093,42,0.003497959523611227,2,0.9953663481030988,0.003481751196829362
73,Bruiser,4,2.8333333333333335,0.7619047619047619,0.38095238095238093,42,0.003497959523611227,3,0.9585071859063514,0.003352819339390919
74,Bruiser,4,2.8333333333333335,0.7619047619047619,0.38095238095238093,42,0.003497959523611227,4,0.9410714285714286,0.003291829765969851
75,Challenger,1,4.494971792985038,0.5067451557517783,0.1358842285994604,4077,0.594661610268378,0,0.8228907486993893,0.48934153769653005
76,Challenger,1,4.494971792985038,0.5067451557517783,0.1358842285994604,4077,0.594661610268378,1,0.805237676056338,0.4788439330924285
77,Challenger,1,4.494971792985038,0.5067451557517783,0.1358842285994604,4077,0.594661610268378,2,0.8033593976252534,0.4777269930160674
78,Challenger,1,4.494971792985038,0.5067451557517783,0.1358842285994604,4077,0.594661610268378,3,0.8289290681502086,0.4929322944644691
79,Challenger,1,4.494971792985038,0.5067451557517783,0.1358842285994604,4077,0.594661610268378,4,0.7997448979591837,0.4755775888243279
80,Challenger,2,4.684426229508197,0.4651639344262295,0.12295081967213115,1952,0.2847141190198366,0,0.8228907486993893,0.2342886145655204
81,Challenger,2,4.684426229508197,0.4651639344262295,0.12295081967213115,1952,0.2847141190198366,1,0.805237676056338,0.22926253553996087
82,Challenger,2,4.684426229508197,0.4651639344262295,0.12295081967213115,1952,0.2847141190198366,2,0.8033593976252534,0.22872776315118065
83,Challenger,2,4.684426229508197,0.4651639344262295,0.12295081967213115,1952,0.2847141190198366,3,0.8289290681502086,0.23600780936832075
84,Challenger,2,4.684426229508197,0.4651639344262295,0.12295081967213115,1952,0.2847141190198366,4,0.7997448979591837,0.2276986640630581
85,Challenger,3,3.833112582781457,0.6225165562913907,0.1880794701986755,755,0.11012252042007001,0,0.8228907486993893,0.09061880327713519
86,Challenger,3,3.833112582781457,0.6225165562913907,0.1880794701986755,755,0.11012252042007001,1,0.805237676056338,0.0886748024245238
87,Challenger,3,3.833112582781457,0.6225165562913907,0.1880794701986755,755,0.11012252042007001,2,0.8033593976252534,0.08846796166964212
88,Challenger,3,3.833112582781457,0.6225165562913907,0.1880794701986755,755,0.11012252042007001,3,0.8289290681502086,0.09128375823416095
89,Challenger,3,3.833112582781457,0.6225165562913907,0.1880794701986755,755,0.11012252042007001,4,0.7997448979591837,0.08806992385635701
90,Challenger,4,3.1666666666666665,0.7083333333333334,0.3055555555555556,72,0.010501750291715286,0,0.8228907486993893,0.008641793160203621
91,Challenger,4,3.1666666666666665,0.7083333333333334,0.3055555555555556,72,0.010501750291715286,1,0.805237676056338,0.008456404999424787
92,Challenger,4,3.1666666666666665,0.7083333333333334,0.3055555555555556,72,0.010501750291715286,2,0.8033593976252534,0.008436679788363223
93,Challenger,4,3.1666666666666665,0.7083333333333334,0.3055555555555556,72,0.010501750291715286,3,0.8289290681502086,0.008705206083257734
94,Challenger,4,3.1666666666666665,0.7083333333333334,0.3055555555555556,72,0.010501750291715286,4,0.7997448979591837,0.008398721215440668
95,Chemtech,1,4.285189718482252,0.543451652386781,0.15740514075887393,4085,0.7690135542168675,0,0.7034607554851844,0.5409708558277444
96,Chemtech,1,4.285189718482252,0.543451652386781,0.15740514075887393,4085,0.7690135542168675,1,0.7101672535211268,0.5461282437187128
97,Chemtech,1,4.285189718482252,0.543451652386781,0.15740514075887393,4085,0.7690135542168675,2,0.7494931943237765,0.5763704252282806
98,Chemtech,1,4.285189718482252,0.543451652386781,0.15740514075887393,4085,0.7690135542168675,3,0.7433936022253129,0.5716797562293681
99,Chemtech,1,4.285189718482252,0.543451652386781,0.15740514075887393,4085,0.7690135542168675,4,0.7058673469387755,0.5428215572750185
100,Chemtech,2,4.208456243854474,0.5526057030481809,0.15142576204523106,1017,0.19145331325301204,0,0.7034607554851844,0.1346798923811055
101,Chemtech,2,4.208456243854474,0.5526057030481809,0.15142576204523106,1017,0.19145331325301204,1,0.7101672535211268,0.1359638736504115
102,Chemtech,2,4.208456243854474,0.5526057030481809,0.15142576204523106,1017,0.19145331325301204,2,0.7494931943237765,0.1434929553138706
103,Chemtech,2,4.208456243854474,0.5526057030481809,0.15142576204523106,1017,0.19145331325301204,3,0.7433936022253129,0.14232516819712787
104,Chemtech,2,4.208456243854474,0.5526057030481809,0.15142576204523106,1017,0.19145331325301204,4,0.7058673469387755,0.13514064228854192
105,Chemtech,3,4.037234042553192,0.5797872340425532,0.1702127659574468,188,0.035391566265060244,0,0.7034607554851844,0.024896577942623243
106,Chemtech,3,4.037234042553192,0.5797872340425532,0.1702127659574468,188,0.035391566265060244,1,0.7101672535211268,0.025133931412268794
107,Chemtech,3,4.037234042553192,0.5797872340425532,0.1702127659574468,188,0.035391566265060244,2,0.7494931943237765,0.02652573805212161
108,Chemtech,3,4.037234042553192,0.5797872340425532,0.1702127659574468,188,0.035391566265060244,3,0.7433936022253129,0.026309863934178997
109,Chemtech,3,4.037234042553192,0.5797872340425532,0.1702127659574468,188,0.035391566265060244,4,0.7058673469387755,0.02498175098352594
110,Chemtech,4,2.6818181818181817,0.8181818181818182,0.3181818181818182,22,0.004141566265060241,0,0.7034607554851844,0.002913429333711231
111,Chemtech,4,2.6818181818181817,0.8181818181818182,0.3181818181818182,22,0.004141566265060241,1,0.7101672535211268,0.0029412047397335823
112,Chemtech,4,2.6818181818181817,0.8181818181818182,0.3181818181818182,22,0.004141566265060241,2,0.7494931943237765,0.0031040757295035925
113,Chemtech,4,2.6818181818181817,0.8181818181818182,0.3181818181818182,22,0.004141566265060241,3,0.7433936022253129,0.003078813864637968
114,Chemtech,4,2.6818181818181817,0.8181818181818182,0.3181818181818182,22,0.004141566265060241,4,0.7058673469387755,0.0029233963916892062
115,Clockwork,1,4.2358969353894205,0.5487995315244973,0.15108334959984385,10246,0.9135164051355207,0,0.9567971047274373,0.8740498515546828
116,Clockwork,1,4.2358969353894205,0.5487995315244973,0.15108334959984385,10246,0.9135164051355207,1,0.9507042253521126,0.8684839062908118
117,Clockwork,1,4.2358969353894205,0.5487995315244973,0.15108334959984385,10246,0.9135164051355207,2,0.9432377642629598,0.8616631715975648
118,Clockwork,1,4.2358969353894205,0.5487995315244973,0.15108334959984385,10246,0.9135164051355207,3,0.9422809457579973,0.8607891021965443
119,Clockwork,1,4.2358969353894205,0.5487995315244973,0.15108334959984385,10246,0.9135164051355207,4,0.9392857142857143,0.8580529091094355
120,Clockwork,3,3.983570646221249,0.5936473165388828,0.16538882803943045,913,0.0814015691868759,0,0.9567971047274373,0.07788478571827304
121,Clockwork,3,3.983570646221249,0.5936473165388828,0.16538882803943045,913,0.0814015691868759,1,0.9507042253521126,0.07738881577625525
122,Clockwork,3,3.983570646221249,0.5936473165388828,0.16538882803943045,913,0.0814015691868759,2,0.9432377642629598,0.07678103412732545
123,Clockwork,3,3.983570646221249,0.5936473165388828,0.16538882803943045,913,0.0814015691868759,3,0.9422809457579973,0.07670314759959447
124,Clockwork,3,3.983570646221249,0.5936473165388828,0.16538882803943045,913,0.0814015691868759,4,0.9392857142857143,0.07645933105767272
125,Clockwork,4,3.6491228070175437,0.6491228070175439,0.21052631578947367,57,0.0050820256776034235,0,0.9567971047274373,0.004862467454481448
126,Clockwork,4,3.6491228070175437,0.6491228070175439,0.21052631578947367,57,0.0050820256776034235,1,0.9507042253521126,0.004831503285045508
127,Clockwork,4,3.6491228070175437,0.6491228070175439,0.21052631578947367,57,0.0050820256776034235,2,0.9432377642629598,0.004793558538069606
128,Clockwork,4,3.6491228070175437,0.6491228070175439,0.21052631578947367,57,0.0050820256776034235,3,0.9422809457579973,0.0047886959618585806
129,Clockwork,4,3.6491228070175437,0.6491228070175439,0.21052631578947367,57,0.0050820256776034235,4,0.9392857142857143,0.004773474118606073
130,Colossus,3,3.8922413793103448,0.6196120689655172,0.17349137931034483,928,1.0,0,0.16738294503505993,0.16738294503505993
131,Colossus,3,3.8922413793103448,0.6196120689655172,0.17349137931034483,928,1.0,1,0.1698943661971831,0.1698943661971831
132,Colossus,3,3.8922413793103448,0.6196120689655172,0.17349137931034483,928,1.0,2,0.15986099044309296,0.15986099044309296
133,Colossus,3,3.8922413793103448,0.6196120689655172,0.17349137931034483,928,1.0,3,0.19401947148817802,0.19401947148817802
134,Colossus,3,3.8922413793103448,0.6196120689655172,0.17349137931034483,928,1.0,4,0.15612244897959185,0.15612244897959185
135,Debonair,1,4.674374831944071,0.4724388276418392,0.10648023662274805,3719,0.6939727561112148,0,0.7878308075096132,0.5467331168367702
136,Debonair,1,4.674374831944071,0.4724388276418392,0.10648023662274805,3719,0.6939727561112148,1,0.7035651408450704,0.48825503989602853
137,Debonair,1,4.674374831944071,0.4724388276418392,0.10648023662274805,3719,0.6939727561112148,2,0.7034462785983203,0.4881725527350538
138,Debonair,1,4.674374831944071,0.4724388276418392,0.10648023662274805,3719,0.6939727561112148,3,0.6998145572554474,0.48565223706531235
139,Debonair,1,4.674374831944071,0.4724388276418392,0.10648023662274805,3719,0.6939727561112148,4,0.6982142857142857,0.484541692213366
140,Debonair,3,4.536050156739812,0.49137931034482757,0.11677115987460815,1276,0.23810412390371338,0,0.7878308075096132,0.1875857642064315
141,Debonair,3,4.536050156739812,0.49137931034482757,0.11677115987460815,1276,0.23810412390371338,1,0.7035651408450704,0.1675217614701082
142,Debonair,3,4.536050156739812,0.49137931034482757,0.11677115987460815,1276,0.23810412390371338,2,0.7034462785983203,0.16749345987898054
143,Debonair,3,4.536050156739812,0.49137931034482757,0.11677115987460815,1276,0.23810412390371338,3,0.6998145572554474,0.16662873205037337
144,Debonair,3,4.536050156739812,0.49137931034482757,0.11677115987460815,1276,0.23810412390371338,4,0.6982142857142857,0.166247700797057
145,Debonair,4,3.552197802197802,0.6840659340659341,0.20054945054945056,364,0.06792311998507185,0,0.7878308075096132,0.0535119264664115
146,Debonair,4,3.552197802197802,0.6840659340659341,0.20054945054945056,364,0.06792311998507185,1,0.7035651408450704,0.04778833947893369
147,Debonair,4,3.552197802197802,0.6840659340659341,0.20054945054945056,364,0.06792311998507185,2,0.7034462785983203,0.04778026598428599
148,Debonair,4,3.552197802197802,0.6840659340659341,0.20054945054945056,364,0.06792311998507185,3,0.6998145572554474,0.04753358813976168
149,Debonair,4,3.552197802197802,0.6840659340659341,0.20054945054945056,364,0.06792311998507185,4,0.6982142857142857,0.047424892703862666
150,Enchanter,1,4.4646049338577045,0.5017876296031463,0.1245977833392921,5594,0.7532992189604094,0,0.8118072834200407,0.6115337925466884
151,Enchanter,1,4.4646049338577045,0.5017876296031463,0.1245977833392921,5594,0.7532992189604094,1,0.8008362676056338,0.6032693349024933
152,Enchanter,1,4.4646049338577045,0.5017876296031463,0.1245977833392921,5594,0.7532992189604094,2,0.7822183608456414,0.5892444802815134
153,Enchanter,1,4.4646049338577045,0.5017876296031463,0.1245977833392921,5594,0.7532992189604094,3,0.7929995363931386,0.5973659314009181
154,Enchanter,1,4.4646049338577045,0.5017876296031463,0.1245977833392921,5594,0.7532992189604094,4,0.823469387755102,0.6203188466337249
155,Enchanter,2,4.58047292143402,0.4767353165522502,0.11594202898550725,1311,0.17654187988149744,0,0.8118072834200407,0.14331798391646558
156,Enchanter,2,4.58047292143402,0.4767353165522502,0.11594202898550725,1311,0.17654187988149744,1,0.8008362676056338,0.14138114016038053
157,Enchanter,2,4.58047292143402,0.4767353165522502,0.11594202898550725,1311,0.17654187988149744,2,0.7822183608456414,0.13809429990151306
158,Enchanter,2,4.58047292143402,0.4767353165522502,0.11594202898550725,1311,0.17654187988149744,3,0.7929995363931386,0.13999762890000064
159,Enchanter,2,4.58047292143402,0.4767353165522502,0.11594202898550725,1311,0.17654187988149744,4,0.823469387755102,0.14537683373915147
160,Enchanter,3,4.342528735632184,0.5149425287356322,0.13793103448275862,435,0.05857796929706437,0,0.8118072834200407,0.047554022123312376
161,Enchanter,3,4.342528735632184,0.5149425287356322,0.13793103448275862,435,0.05857796929706437,1,0.8008362676056338,0.046911362295778435
162,Enchanter,3,4.342528735632184,0.5149425287356322,0.13793103448275862,435,0.05857796929706437,2,0.7822183608456414,0.045820763125216
163,Enchanter,3,4.342528735632184,0.5149425287356322,0.13793103448275862,435,0.05857796929706437,3,0.7929995363931386,0.04645230249542355
164,Enchanter,3,4.342528735632184,0.5149425287356322,0.13793103448275862,435,0.05857796929706437,4,0.823469387755102,0.04823716451299076
165,Enchanter,4,4.523255813953488,0.46511627906976744,0.16279069767441862,86,0.011580931861028817,0,0.8118072834200407,0.0094014848335744
166,Enchanter,4,4.523255813953488,0.46511627906976744,0.16279069767441862,86,0.011580931861028817,1,0.8008362676056338,0.009274430246981484
167,Enchanter,4,4.523255813953488,0.46511627906976744,0.16279069767441862,86,0.011580931861028817,2,0.7822183608456414,0.009058817537399025
168,Enchanter,4,4.523255813953488,0.46511627906976744,0.16279069767441862,86,0.011580931861028817,3,0.7929995363931386,0.00918367359679638
169,Enchanter,4,4.523255813953488,0.46511627906976744,0.16279069767441862,86,0.011580931861028817,4,0.823469387755102,0.009536542869234953
170,Enforcer,1,4.282131661442007,0.5440296380735252,0.14163579367341123,3509,0.6159382130946112,0,0.6505315539470709,0.40068724289981944
171,Enforcer,1,4.282131661442007,0.5440296380735252,0.14163579367341123,3509,0.6159382130946112,1,0.6566901408450704,0.4044805519089612
172,Enforcer,1,4.282131661442007,0.5440296380735252,0.14163579367341123,3509,0.6159382130946112,2,0.7387778743121923,0.455041523777687
173,Enforcer,1,4.282131661442007,0.5440296380735252,0.14163579367341123,3509,0.6159382130946112,3,0.6444135373203523,0.39691892267107537
174,Enforcer,1,4.282131661442007,0.5440296380735252,0.14163579367341123,3509,0.6159382130946112,4,0.6323979591836735,0.3895180689442707
175,Enforcer,3,4.047531992687386,0.5914076782449725,0.1590493601462523,2188,0.3840617869053888,0,0.6505315539470709,0.24984431104725136
176,Enforcer,3,4.047531992687386,0.5914076782449725,0.1590493601462523,2188,0.3840617869053888,1,0.6566901408450704,0.2522095889361092
177,Enforcer,3,4.047531992687386,0.5914076782449725,0.1590493601462523,2188,0.3840617869053888,2,0.7387778743121923,0.2837363505345053
178,Enforcer,3,4.047531992687386,0.5914076782449725,0.1590493601462523,2188,0.3840617869053888,3,0.6444135373203523,0.24749461464927697
179,Enforcer,3,4.047531992687386,0.5914076782449725,0.1590493601462523,2188,0.3840617869053888,4,0.6323979591836735,0.24287989023940276
180,Glutton,3,3.886777969679524,0.6121665707157935,0.21051621569756285,5211,1.0,0,0.6862700746437458,0.6862700746437458
181,Glutton,3,3.886777969679524,0.6121665707157935,0.21051621569756285,5211,1.0,1,0.6903609154929577,0.6903609154929577
182,Glutton,3,3.886777969679524,0.6121665707157935,0.21051621569756285,5211,1.0,2,0.857804807413843,0.857804807413843
183,Glutton,3,3.886777969679524,0.6121665707157935,0.21051621569756285,5211,1.0,3,0.6879925822902179,0.6879925822902179
184,Glutton,3,3.886777969679524,0.6121665707157935,0.21051621569756285,5211,1.0,4,0.6818877551020408,0.6818877551020408
185,Hextech,1,4.403092956799462,0.5236174146915448,0.13161875945537066,5949,0.6621035058430718,0,0.8570459172133001,0.567453106455417
186,Hextech,1,4.403092956799462,0.5236174146915448,0.13161875945537066,5949,0.6621035058430718,1,0.8626760563380281,0.5711808413082837
187,Hextech,1,4.403092956799462,0.5236174146915448,0.13161875945537066,5949,0.6621035058430718,2,0.8711265566174341,0.5767759471694063
188,Hextech,1,4.403092956799462,0.5236174146915448,0.13161875945537066,5949,0.6621035058430718,3,0.8743625405656004,0.578918503486339
189,Hextech,1,4.403092956799462,0.5236174146915448,0.13161875945537066,5949,0.6621035058430718,4,0.8691326530612244,0.5754557766345268
190,Hextech,2,4.815523059617548,0.45219347581552305,0.06974128233970754,889,0.09894268224819143,0,0.8570459172133001,0.08479842185894533
191,Hextech,2,4.815523059617548,0.45219347581552305,0.06974128233970754,889,0.09894268224819143,1,0.8626760563380281,0.08535548292537641
192,Hextech,2,4.815523059617548,0.45219347581552305,0.06974128233970754,889,0.09894268224819143,2,0.8711265566174341,0.08619159808935992
193,Hextech,2,4.815523059617548,0.45219347581552305,0.06974128233970754,889,0.09894268224819143,3,0.8743625405656004,0.08651177502090358
194,Hextech,2,4.815523059617548,0.45219347581552305,0.06974128233970754,889,0.09894268224819143,4,0.8691326530612244,0.08599431592336433
195,Hextech,3,4.6292458261370175,0.47956246401842256,0.07138744962579159,1737,0.193322203672788,0,0.8570459172133001,0.165686005364441
196,Hextech,3,4.6292458261370175,0.47956246401842256,0.07138744962579159,1737,0.193322203672788,1,0.8626760563380281,0.1667744362670178
197,Hextech,3,4.6292458261370175,0.47956246401842256,0.07138744962579159,1737,0.193322203672788,2,0.8711265566174341,0.16840810560317007
198,Hextech,3,4.6292458261370175,0.47956246401842256,0.07138744962579159,1737,0.193322203672788,3,0.8743625405656004,0.16903369315107936
199,Hextech,3,4.6292458261370175,0.47956246401842256,0.07138744962579159,1737,0.193322203672788,4,0.8691326530612244,0.1680226397737726
200,Hextech,4,3.475609756097561,0.7121951219512195,0.17560975609756097,410,0.045631608235948806,0,0.8570459172133001,0.03910838353449673
201,Hextech,4,3.475609756097561,0.7121951219512195,0.17560975609756097,410,0.045631608235948806,1,0.8626760563380281,0.0393652958373502
202,Hextech,4,3.475609756097561,0.7121951219512195,0.17560975609756097,410,0.045631608235948806,2,0.8711265566174341,0.03975090575549783
203,Hextech,4,3.475609756097561,0.7121951219512195,0.17560975609756097,410,0.045631608235948806,3,0.8743625405656004,0.03989856890727837
204,Hextech,4,3.475609756097561,0.7121951219512195,0.17560975609756097,410,0.045631608235948806,4,0.8691326530612244,0.03965992072956061
205,Innovator,1,4.244220730797912,0.551826994780015,0.14951528709917972,2682,0.447,0,0.719972856819724,0.32182786699841665
206,Innovator,1,4.244220730797912,0.551826994780015,0.14951528709917972,2682,0.447,1,0.788512323943662,0.3524650088028169
207,Innovator,1,4.244220730797912,0.551826994780015,0.14951528709917972,2682,0.447,2,0.7147408050970171,0.31948913987836663
208,Innovator,1,4.244220730797912,0.551826994780015,0.14951528709917972,2682,0.447,3,0.7162726008344924,0.3201738525730181
209,Innovator,1,4.244220730797912,0.551826994780015,0.14951528709917972,2682,0.447,4,0.710204081632653,0.3174612244897959
210,Innovator,3,4.3484398216939075,0.5234026745913819,0.12927191679049035,2692,0.44866666666666666,0,0.719972856819724,0.32302782175978284
211,Innovator,3,4.3484398216939075,0.5234026745913819,0.12927191679049035,2692,0.44866666666666666,1,0.788512323943662,0.3537791960093897
212,Innovator,3,4.3484398216939075,0.5234026745913819,0.12927191679049035,2692,0.44866666666666666,2,0.7147408050970171,0.3206803745535283
213,Innovator,3,4.3484398216939075,0.5234026745913819,0.12927191679049035,2692,0.44866666666666666,3,0.7162726008344924,0.32136764024107556
214,Innovator,3,4.3484398216939075,0.5234026745913819,0.12927191679049035,2692,0.44866666666666666,4,0.710204081632653,0.31864489795918366
215,Innovator,4,3.220447284345048,0.7380191693290735,0.26517571884984026,626,0.10433333333333333,0,0.719972856819724,0.07511716806152453
216,Innovator,4,3.220447284345048,0.7380191693290735,0.26517571884984026,626,0.10433333333333333,1,0.788512323943662,0.0822681191314554
217,Innovator,4,3.220447284345048,0.7380191693290735,0.26517571884984026,626,0.10433333333333333,2,0.7147408050970171,0.07457129066512212
218,Innovator,4,3.220447284345048,0.7380191693290735,0.26517571884984026,626,0.10433333333333333,3,0.7162726008344924,0.0747311080203987
219,Innovator,4,3.220447284345048,0.7380191693290735,0.26517571884984026,626,0.10433333333333333,4,0.710204081632653,0.07409795918367347
220,Mastermind,3,3.624136978735156,0.6638129430175826,0.20086532265488355,10863,1.0,0,0.9135942094548745,0.9135942094548745
221,Mastermind,3,3.624136978735156,0.6638129430175826,0.20086532265488355,10863,1.0,1,0.9106514084507042,0.9106514084507042
222,Mastermind,3,3.624136978735156,0.6638129430175826,0.20086532265488355,10863,1.0,2,0.9281783955980307,0.9281783955980307
223,Mastermind,3,3.624136978735156,0.6638129430175826,0.20086532265488355,10863,1.0,3,0.9061196105702365,0.9061196105702365
224,Mastermind,3,3.624136978735156,0.6638129430175826,0.20086532265488355,10863,1.0,4,0.9135204081632653,0.9135204081632653
225,Mercenary,1,6.354243542435424,0.2177121771217712,0.08671586715867159,542,0.8784440842787682,0,0.1144537434969464,0.1005412138984521
226,Mercenary,1,6.354243542435424,0.2177121771217712,0.08671586715867159,542,0.8784440842787682,1,0.11619718309859155,0.1020727281028146
227,Mercenary,1,6.354243542435424,0.2177121771217712,0.08671586715867159,542,0.8784440842787682,2,0.15783376773819865,0.1386481395690497
228,Mercenary,1,6.354243542435424,0.2177121771217712,0.08671586715867159,542,0.8784440842787682,3,0.11659712563745943,0.10242405526013454
229,Mercenary,1,6.354243542435424,0.2177121771217712,0.08671586715867159,542,0.8784440842787682,4,0.11020408163265306,0.09680812357357854
230,Mercenary,3,5.103448275862069,0.3620689655172414,0.15517241379310345,58,0.0940032414910859,0,0.1144537434969464,0.010759022889502255
231,Mercenary,3,5.103448275862069,0.3620689655172414,0.15517241379310345,58,0.0940032414910859,1,0.11619718309859155,0.010922911863400825
232,Mercenary,3,5.103448275862069,0.3620689655172414,0.15517241379310345,58,0.0940032414910859,2,0.15783376773819865,0.01483688578414185
233,Mercenary,3,5.103448275862069,0.3620689655172414,0.15517241379310345,58,0.0940032414910859,3,0.11659712563745943,0.01096050775846458
234,Mercenary,3,5.103448275862069,0.3620689655172414,0.15517241379310345,58,0.0940032414910859,4,0.11020408163265306,0.01035954089901763
235,Mercenary,4,4.529411764705882,0.47058823529411764,0.17647058823529413,17,0.027552674230145867,0,0.1144537434969464,0.00315350670899204
236,Mercenary,4,4.529411764705882,0.47058823529411764,0.17647058823529413,17,0.027552674230145867,1,0.11619718309859155,0.0032015431323761043
237,Mercenary,4,4.529411764705882,0.47058823529411764,0.17647058823529413,17,0.027552674230145867,2,0.15783376773819865,0.004348742385007094
238,Mercenary,4,4.529411764705882,0.47058823529411764,0.17647058823529413,17,0.027552674230145867,3,0.11659712563745943,0.0032125626188603085
239,Mercenary,4,4.529411764705882,0.47058823529411764,0.17647058823529413,17,0.027552674230145867,4,0.11020408163265306,0.0030364171600568914
240,Mutant,1,4.502245508982036,0.5037425149700598,0.1279940119760479,1336,0.3672347443650357,0,0.4949106536982583,0.18174838739441262
241,Mutant,1,4.502245508982036,0.5037425149700598,0.1279940119760479,1336,0.3672347443650357,1,0.5004401408450704,0.1837790071932419
242,Mutant,1,4.502245508982036,0.5037425149700598,0.1279940119760479,1336,0.3672347443650357,2,0.5050680567622358,0.185478538712025
243,Mutant,1,4.502245508982036,0.5037425149700598,0.1279940119760479,1336,0.3672347443650357,3,0.53592953175707,0.19681194459248091
244,Mutant,1,4.502245508982036,0.5037425149700598,0.1279940119760479,1336,0.3672347443650357,4,0.47525510204081634,0.17453018590613817
245,Mutant,3,4.505598114319387,0.49616971125515613,0.12433706540954625,1697,0.46646509070918085,0,0.4949106536982583,0.23085854297029806
246,Mutant,3,4.505598114319387,0.49616971125515613,0.12433706540954625,1697,0.46646509070918085,1,0.5004401408450704,0.233437855693811
247,Mutant,3,4.505598114319387,0.49616971125515613,0.12433706540954625,1697,0.46646509070918085,2,0.5050680567622358,0.235596616911906
248,Mutant,3,4.505598114319387,0.49616971125515613,0.12433706540954625,1697,0.46646509070918085,3,0.53592953175707,0.2499924176447905
249,Mutant,3,4.505598114319387,0.49616971125515613,0.12433706540954625,1697,0.46646509070918085,4,0.47525510204081634,0.2216899142834704
250,Mutant,4,3.434710743801653,0.6975206611570248,0.2512396694214876,605,0.1663001649257834,0,0.4949106536982583,0.08230372333354763
251,Mutant,4,3.434710743801653,0.6975206611570248,0.2512396694214876,605,0.1663001649257834,1,0.5004401408450704,0.08322327795801747
252,Mutant,4,3.434710743801653,0.6975206611570248,0.2512396694214876,605,0.1663001649257834,2,0.5050680567622358,0.08399290113830474
253,Mutant,4,3.434710743801653,0.6975206611570248,0.2512396694214876,605,0.1663001649257834,3,0.53592953175707,0.08912516951979861
254,Mutant,4,3.434710743801653,0.6975206611570248,0.2512396694214876,605,0.1663001649257834,4,0.47525510204081634,0.07903500185120778
255,Rivals,3,4.116689771562895,0.5703092037851848,0.1617744560303779,16591,1.0,0,0.9868807961999547,0.9868807961999547
256,Rivals,3,4.116689771562895,0.5703092037851848,0.1617744560303779,16591,1.0,1,0.9892165492957746,0.9892165492957746
257,Rivals,3,4.116689771562895,0.5703092037851848,0.1617744560303779,16591,1.0,2,0.996524761077324,0.996524761077324
258,Rivals,3,4.116689771562895,0.5703092037851848,0.1617744560303779,16591,1.0,3,0.9865554010199351,0.9865554010199351
259,Rivals,3,4.116689771562895,0.5703092037851848,0.1617744560303779,16591,1.0,4,0.9857142857142858,0.9857142857142858
260,Scholar,1,4.157513661202186,0.5628415300546448,0.1564207650273224,7320,0.9577391076802303,0,0.8353313729925356,0.8000295237871726
261,Scholar,1,4.157513661202186,0.5628415300546448,0.1564207650273224,7320,0.9577391076802303,1,0.8125,0.7781630249901871
262,Scholar,1,4.157513661202186,0.5628415300546448,0.1564207650273224,7320,0.9577391076802303,2,0.843614248479583,0.8079623575651639
263,Scholar,1,4.157513661202186,0.5628415300546448,0.1564207650273224,7320,0.9577391076802303,3,0.8120074177097821,0.7776912596670947
264,Scholar,1,4.157513661202186,0.5628415300546448,0.1564207650273224,7320,0.9577391076802303,4,0.8045918367346939,0.7705890677610833
265,Scholar,3,4.391891891891892,0.5202702702702703,0.13513513513513514,296,0.03872824807012953,0,0.8353313729925356,0.032350920634016817
266,Scholar,3,4.391891891891892,0.5202702702702703,0.13513513513513514,296,0.03872824807012953,1,0.8125,0.03146670155698024
267,Scholar,3,4.391891891891892,0.5202702702702703,0.13513513513513514,296,0.03872824807012953,2,0.843614248479583,0.032671701890613185
268,Scholar,3,4.391891891891892,0.5202702702702703,0.13513513513513514,296,0.03872824807012953,3,0.8120074177097821,0.03144762470784973
269,Scholar,3,4.391891891891892,0.5202702702702703,0.13513513513513514,296,0.03872824807012953,4,0.8045918367346939,0.03116043224826238
270,Scholar,4,4.074074074074074,0.5925925925925926,0.1111111111111111,27,0.0035326442496401936,0,0.8353313729925356,0.0029509285713461286
271,Scholar,4,4.074074074074074,0.5925925925925926,0.1111111111111111,27,0.0035326442496401936,1,0.8125,0.0028702734528326572
272,Scholar,4,4.074074074074074,0.5925925925925926,0.1111111111111111,27,0.0035326442496401936,2,0.843614248479583,0.0029801890238059323
273,Scholar,4,4.074074074074074,0.5925925925925926,0.1111111111111111,27,0.0035326442496401936,3,0.8120074177097821,0.0028685333348376445
274,Scholar,4,4.074074074074074,0.5925925925925926,0.1111111111111111,27,0.0035326442496401936,4,0.8045918367346939,0.002842336725348258
275,Scrap,1,4.227723618949889,0.5535317256712844,0.14255173593295709,11694,0.7708635464733026,0,0.9773806831033702,0.753427139631563
276,Scrap,1,4.227723618949889,0.5535317256712844,0.14255173593295709,11694,0.7708635464733026,1,0.9918573943661971,0.7645867086168958
277,Scrap,1,4.227723618949889,0.5535317256712844,0.14255173593295709,11694,0.7708635464733026,2,0.9768317405154938,0.7530039798014624
278,Scrap,1,4.227723618949889,0.5535317256712844,0.14255173593295709,11694,0.7708635464733026,3,0.9740380157626333,0.750850399230602
279,Scrap,1,4.227723618949889,0.5535317256712844,0.14255173593295709,11694,0.7708635464733026,4,0.9775510204081632,0.7535584464504325
280,Scrap,2,3.9166089965397926,0.5975778546712803,0.19411764705882353,2890,0.1905075807514832,0,0.9773806831033702,0.1861984294112551
281,Scrap,2,3.9166089965397926,0.5975778546712803,0.19411764705882353,2890,0.1905075807514832,1,0.9918573943661971,0.188956352651174
282,Scrap,2,3.9166089965397926,0.5975778546712803,0.19411764705882353,2890,0.1905075807514832,2,0.9768317405154938,0.18609385168686732
283,Scrap,2,3.9166089965397926,0.5975778546712803,0.19411764705882353,2890,0.1905075807514832,3,0.9740380157626333,0.1855616259429143
284,Scrap,2,3.9166089965397926,0.5975778546712803,0.19411764705882353,2890,0.1905075807514832,4,0.9775510204081632,0.18623087995910295
285,Scrap,3,3.856655290102389,0.621160409556314,0.20819112627986347,586,0.03862887277521424,0,0.9773806831033702,0.03775511406055208
286,Scrap,3,3.856655290102389,0.621160409556314,0.20819112627986347,586,0.03862887277521424,1,0.9918573943661971,0.038314333098127325
287,Scrap,3,3.856655290102389,0.621160409556314,0.20819112627986347,586,0.03862887277521424,2,0.9768317405154938,0.0377339090271641
288,Scrap,3,3.856655290102389,0.621160409556314,0.20819112627986347,586,0.03862887277521424,3,0.9740380157626333,0.037625990589116885
289,Scrap,3,3.856655290102389,0.621160409556314,0.20819112627986347,586,0.03862887277521424,4,0.9775510204081632,0.0377616939986278
290,Sniper,1,4.314266784452297,0.5346731448763251,0.1523851590106007,4528,0.8228239142286026,0,0.7403302420266908,0.6091614275662105
291,Sniper,1,4.314266784452297,0.5346731448763251,0.1523851590106007,4528,0.8228239142286026,1,0.6945422535211268,0.571485975639408
292,Sniper,1,4.314266784452297,0.5346731448763251,0.1523851590106007,4528,0.8228239142286026,2,0.7141615986099045,0.5876292419599577
293,Sniper,1,4.314266784452297,0.5346731448763251,0.1523851590106007,4528,0.8228239142286026,3,0.6821974965229486,0.561328414365966
294,Sniper,1,4.314266784452297,0.5346731448763251,0.1523851590106007,4528,0.8228239142286026,4,0.6767857142857143,0.5568754705225721
295,Sniper,3,4.509389671361502,0.48826291079812206,0.13028169014084506,852,0.1548246411048519,0,0.7403302420266908,0.11462136402085055
296,Sniper,3,4.509389671361502,0.48826291079812206,0.13028169014084506,852,0.1548246411048519,1,0.6945422535211268,0.1075322551335635
297,Sniper,3,4.509389671361502,0.48826291079812206,0.13028169014084506,852,0.1548246411048519,2,0.7141615986099045,0.11056981319564575
298,Sniper,3,4.509389671361502,0.48826291079812206,0.13028169014084506,852,0.1548246411048519,3,0.6821974965229486,0.10562098256179396
299,Sniper,3,4.509389671361502,0.48826291079812206,0.13028169014084506,852,0.1548246411048519,4,0.6767857142857143,0.10478310531917655
300,Sniper,4,3.4471544715447155,0.7317073170731707,0.1951219512195122,123,0.02235144466654552,0,0.7403302420266908,0.016547450439629834
301,Sniper,4,3.4471544715447155,0.7317073170731707,0.1951219512195122,123,0.02235144466654552,1,0.6945422535211268,0.015524022748155297
302,Sniper,4,3.4471544715447155,0.7317073170731707,0.1951219512195122,123,0.02235144466654552,2,0.7141615986099045,0.015962543454300974
303,Sniper,4,3.4471544715447155,0.7317073170731707,0.1951219512195122,123,0.02235144466654552,3,0.6821974965229486,0.015248099595188566
304,Sniper,4,3.4471544715447155,0.7317073170731707,0.1951219512195122,123,0.02235144466654552,4,0.6767857142857143,0.01512713844396563
305,Socialite,1,4.283566162204114,0.540162980209546,0.1490104772991851,10308,0.612951180353214,0,0.987106989368921,0.6050483942685877
306,Socialite,1,4.283566162204114,0.540162980209546,0.1490104772991851,10308,0.612951180353214,1,0.9944982394366197,0.6095788697218694
307,Socialite,1,4.283566162204114,0.540162980209546,0.1490104772991851,10308,0.612951180353214,2,0.9875470605270779,0.6053181364044193
308,Socialite,1,4.283566162204114,0.540162980209546,0.1490104772991851,10308,0.612951180353214,3,0.9853963838664812,0.6039998766067485
309,Socialite,1,4.283566162204114,0.540162980209546,0.1490104772991851,10308,0.612951180353214,4,0.985969387755102,0.6043511000166256
310,Socialite,2,4.594444444444444,0.48214285714285715,0.1130952380952381,2520,0.1498483677231373,0,0.987106989368921,0.14791637112503309
311,Socialite,2,4.594444444444444,0.48214285714285715,0.1130952380952381,2520,0.1498483677231373,1,0.9944982394366197,0.14902393788311125
312,Socialite,2,4.594444444444444,0.48214285714285715,0.1130952380952381,2520,0.1498483677231373,2,0.9875470605270779,0.1479823150697649
313,Socialite,2,4.594444444444444,0.48214285714285715,0.1130952380952381,2520,0.1498483677231373,3,0.9853963838664812,0.14766003968267424
314,Socialite,2,4.594444444444444,0.48214285714285715,0.1130952380952381,2520,0.1498483677231373,4,0.985969387755102,0.1477459033800831
315,Socialite,3,4.482292511489592,0.5012165450121655,0.11381454447147878,3699,0.21995599690789083,0,0.987106989368921,0.21712010190138784
316,Socialite,3,4.482292511489592,0.5012165450121655,0.11381454447147878,3699,0.21995599690789083,1,0.9944982394366197,0.218745851678424
317,Socialite,3,4.482292511489592,0.5012165450121655,0.11381454447147878,3699,0.21995599690789083,2,0.9875470605270779,0.21721689819169063
318,Socialite,3,4.482292511489592,0.5012165450121655,0.11381454447147878,3699,0.21995599690789083,3,0.9853963838664812,0.21674384396278254
319,Socialite,3,4.482292511489592,0.5012165450121655,0.11381454447147878,3699,0.21995599690789083,4,0.985969387755102,0.21686987960433624
320,Socialite,4,4.241379310344827,0.5655172413793104,0.13793103448275862,290,0.017244455015757863,0,0.987106989368921,0.017022122073912533
321,Socialite,4,4.241379310344827,0.5655172413793104,0.13793103448275862,290,0.017244455015757863,1,0.9944982394366197,0.01714958015321518
322,Socialite,4,4.241379310344827,0.5655172413793104,0.13793103448275862,290,0.017244455015757863,2,0.9875470605270779,0.017029710861203102
323,Socialite,4,4.241379310344827,0.5655172413793104,0.13793103448275862,290,0.017244455015757863,3,0.9853963838664812,0.016992623614276003
324,Socialite,4,4.241379310344827,0.5655172413793104,0.13793103448275862,290,0.017244455015757863,4,0.985969387755102,0.01700250475405718
325,Striker,1,4.600437115040731,0.48579376117623685,0.10172859129743692,5033,0.4859515303659361,0,0.9235467088893915,0.4487989365492235
326,Striker,1,4.600437115040731,0.48579376117623685,0.10172859129743692,5033,0.4859515303659361,1,0.9403609154929577,0.4569698259801155
327,Striker,1,4.600437115040731,0.48579376117623685,0.10172859129743692,5033,0.4859515303659361,2,0.927599189110918,0.45076824551465194
328,Striker,1,4.600437115040731,0.48579376117623685,0.10172859129743692,5033,0.4859515303659361,3,0.9325452016689847,0.4531717678864536
329,Striker,1,4.600437115040731,0.48579376117623685,0.10172859129743692,5033,0.4859515303659361,4,0.9216836734693877,0.4478935916357467
330,Striker,3,4.454011241696474,0.5117526826775677,0.11650485436893204,3914,0.3779086608091146,0,0.9235467088893915,0.34901629995105515
331,Striker,3,4.454011241696474,0.5117526826775677,0.11650485436893204,3914,0.3779086608091146,1,0.9403609154929577,0.35537053425117665
332,Striker,3,4.454011241696474,0.5117526826775677,0.11650485436893204,3914,0.3779086608091146,2,0.927599189110918,0.3505477673245277
333,Striker,3,4.454011241696474,0.5117526826775677,0.11650485436893204,3914,0.3779086608091146,3,0.9325452016689847,0.3524169083066917
334,Striker,3,4.454011241696474,0.5117526826775677,0.11650485436893204,3914,0.3779086608091146,4,0.9216836734693877,0.3483122427304416
335,Striker,4,3.8879432624113477,0.6219858156028368,0.16879432624113475,1410,0.1361398088249493,0,0.9235467088893915,0.12573147238911286
336,Striker,4,3.8879432624113477,0.6219858156028368,0.16879432624113475,1410,0.1361398088249493,1,0.9403609154929577,0.1280205552616656
337,Striker,4,3.8879432624113477,0.6219858156028368,0.16879432624113475,1410,0.1361398088249493,2,0.927599189110918,0.12628317627173838
338,Striker,4,3.8879432624113477,0.6219858156028368,0.16879432624113475,1410,0.1361398088249493,3,0.9325452016689847,0.12695652547583938
339,Striker,4,3.8879432624113477,0.6219858156028368,0.16879432624113475,1410,0.1361398088249493,4,0.9216836734693877,0.12547783910319946
340,Syndicate,1,4.5433006535947715,0.48651960784313725,0.10702614379084967,2448,0.5857860732232592,0,0.6369599638090929,0.3731222760001578
341,Syndicate,1,4.5433006535947715,0.48651960784313725,0.10702614379084967,2448,0.5857860732232592,1,0.5994718309859155,0.3511622498811967
342,Syndicate,1,4.5433006535947715,0.48651960784313725,0.10702614379084967,2448,0.5857860732232592,2,0.5832609325224443,0.34166613132685897
343,Syndicate,1,4.5433006535947715,0.48651960784313725,0.10702614379084967,2448,0.5857860732232592,3,0.5897079276773296,0.3454426913027286
344,Syndicate,1,4.5433006535947715,0.48651960784313725,0.10702614379084967,2448,0.5857860732232592,4,0.6165816326530612,0.3611849334134228
345,Syndicate,3,4.894361170592434,0.4161313347608851,0.08279800142755175,1401,0.33524766690595836,0,0.6369599638090929,0.21353934177950207
346,Syndicate,3,4.894361170592434,0.4161313347608851,0.08279800142755175,1401,0.33524766690595836,1,0.5994718309859155,0.20097153271387116
347,Syndicate,3,4.894361170592434,0.4161313347608851,0.08279800142755175,1401,0.33524766690595836,2,0.5832609325224443,0.19553686682554305
348,Syndicate,3,4.894361170592434,0.4161313347608851,0.08279800142755175,1401,0.33524766690595836,3,0.5897079276773296,0.19769820690977238
349,Syndicate,3,4.894361170592434,0.4161313347608851,0.08279800142755175,1401,0.33524766690595836,4,0.6165816326530612,0.20670755380400543
350,Syndicate,4,4.333333333333333,0.5181818181818182,0.15151515151515152,330,0.07896625987078248,0,0.6369599638090929,0.05029834602943304
351,Syndicate,4,4.333333333333333,0.5181818181818182,0.15151515151515152,330,0.07896625987078248,1,0.5994718309859155,0.0473380483908476
352,Syndicate,4,4.333333333333333,0.5181818181818182,0.15151515151515152,330,0.07896625987078248,2,0.5832609325224443,0.04605793437004226
353,Syndicate,4,4.333333333333333,0.5181818181818182,0.15151515151515152,330,0.07896625987078248,3,0.5897079276773296,0.04656702946482861
354,Syndicate,4,4.333333333333333,0.5181818181818182,0.15151515151515152,330,0.07896625987078248,4,0.6165816326530612,0.04868914543563298
355,Transformer,3,3.7079436486326505,0.6440156268497691,0.20409612880312536,8447,1.0,0,0.8685817688305814,0.8685817688305814
356,Transformer,3,3.7079436486326505,0.6440156268497691,0.20409612880312536,8447,1.0,1,0.8857834507042254,0.8857834507042254
357,Transformer,3,3.7079436486326505,0.6440156268497691,0.20409612880312536,8447,1.0,2,0.8922675933970461,0.8922675933970461
358,Transformer,3,3.7079436486326505,0.6440156268497691,0.20409612880312536,8447,1.0,3,0.8630041724617524,0.8630041724617524
359,Transformer,3,3.7079436486326505,0.6440156268497691,0.20409612880312536,8447,1.0,4,0.8589285714285714,0.8589285714285714
360,Twinshot,1,4.483595505617978,0.5056179775280899,0.1249438202247191,2225,0.4995509654243377,0,0.6292693960642388,0.31435213431588044
361,Twinshot,1,4.483595505617978,0.5056179775280899,0.1249438202247191,2225,0.4995509654243377,1,0.6274207746478874,0.31342865370263795
362,Twinshot,1,4.483595505617978,0.5056179775280899,0.1249438202247191,2225,0.4995509654243377,2,0.6339415001448017,0.3166860884198886
363,Twinshot,1,4.483595505617978,0.5056179775280899,0.1249438202247191,2225,0.4995509654243377,3,0.6286509040333796,0.31404316602475746
364,Twinshot,1,4.483595505617978,0.5056179775280899,0.1249438202247191,2225,0.4995509654243377,4,0.7091836734693877,0.3542733887448109
365,Twinshot,2,4.971093044263776,0.4092140921409214,0.0939476061427281,1107,0.24854063762909745,0,0.6292693960642388,0.15639901693828298
366,Twinshot,2,4.971093044263776,0.4092140921409214,0.0939476061427281,1107,0.24854063762909745,1,0.6274207746478874,0.1559395593927282
367,Twinshot,2,4.971093044263776,0.4092140921409214,0.0939476061427281,1107,0.24854063762909745,2,0.6339415001448017,0.15756022466553557
368,Twinshot,2,4.971093044263776,0.4092140921409214,0.0939476061427281,1107,0.24854063762909745,3,0.6286509040333796,0.15624529653456473
369,Twinshot,2,4.971093044263776,0.4092140921409214,0.0939476061427281,1107,0.24854063762909745,4,0.7091836734693877,0.17626096240022726
370,Twinshot,3,4.224732461355529,0.535077288941736,0.14863258026159334,841,0.18881903906600808,0,0.6292693960642388,0.11881804267849683
371,Twinshot,3,4.224732461355529,0.535077288941736,0.14863258026159334,841,0.18881903906600808,1,0.6274207746478874,0.1184689877590645
372,Twinshot,3,4.224732461355529,0.535077288941736,0.14863258026159334,841,0.18881903906600808,2,0.6339415001448017,0.11970022488140507
373,Twinshot,3,4.224732461355529,0.535077288941736,0.14863258026159334,841,0.18881903906600808,3,0.6286509040333796,0.11870125960756
374,Twinshot,3,4.224732461355529,0.535077288941736,0.14863258026159334,841,0.18881903906600808,4,0.7091836734693877,0.13390737974579145
375,Twinshot,4,3.7295373665480427,0.6583629893238434,0.20640569395017794,281,0.0630893578805568,0,0.6292693960642388,0.039700202131578606
376,Twinshot,4,3.7295373665480427,0.6583629893238434,0.20640569395017794,281,0.0630893578805568,1,0.6274207746478874,0.03958357379345675
377,Twinshot,4,3.7295373665480427,0.6583629893238434,0.20640569395017794,281,0.0630893578805568,2,0.6339415001448017,0.039994962177972444
378,Twinshot,4,3.7295373665480427,0.6583629893238434,0.20640569395017794,281,0.0630893578805568,3,0.6286509040333796,0.03966118186649746
379,Twinshot,4,3.7295373665480427,0.6583629893238434,0.20640569395017794,281,0.0630893578805568,4,0.7091836734693877,0.04474194257855814
380,Yordle,1,5.0261569416499,0.38983903420523136,0.08098591549295775,1988,0.7768659632669012,0,0.4073738973083013,0.31647491514220516
381,Yordle,1,5.0261569416499,0.38983903420523136,0.08098591549295775,1988,0.7768659632669012,1,0.40999119718309857,0.3185082063305979
382,Yordle,1,5.0261569416499,0.38983903420523136,0.08098591549295775,1988,0.7768659632669012,2,0.3973356501592818,0.3086765426012709
383,Yordle,1,5.0261569416499,0.38983903420523136,0.08098591549295775,1988,0.7768659632669012,3,0.4095966620305981,0.3182017053993079
384,Yordle,1,5.0261569416499,0.38983903420523136,0.08098591549295775,1988,0.7768659632669012,4,0.5341836734693878,0.4149891140512477
385,Yordle,3,4.886164623467601,0.4203152364273205,0.1085814360770578,571,0.22313403673309887,0,0.4073738973083013,0.09089898216609615
386,Yordle,3,4.886164623467601,0.4203152364273205,0.1085814360770578,571,0.22313403673309887,1,0.40999119718309857,0.0914829908525007
387,Yordle,3,4.886164623467601,0.4203152364273205,0.1085814360770578,571,0.22313403673309887,2,0.3973356501592818,0.0886591075580109
388,Yordle,3,4.886164623467601,0.4203152364273205,0.1085814360770578,571,0.22313403673309887,3,0.4095966620305981,0.09139495663129016
389,Yordle,3,4.886164623467601,0.4203152364273205,0.1085814360770578,571,0.22313403673309887,4,0.5341836734693878,0.11919455941814007
390,YordleLord,4,2.5555555555555554,0.8492063492063492,0.29365079365079366,126,1.0,0,0.024881248586292693,0.024881248586292693
391,YordleLord,4,2.5555555555555554,0.8492063492063492,0.29365079365079366,126,1.0,1,0.02464788732394366,0.02464788732394366
392,YordleLord,4,2.5555555555555554,0.8492063492063492,0.29365079365079366,126,1.0,2,0.02403706921517521,0.02403706921517521
393,YordleLord,4,2.5555555555555554,0.8492063492063492,0.29365079365079366,126,1.0,3,0.02364394993045897,0.02364394993045897
394,YordleLord,4,2.5555555555555554,0.8492063492063492,0.29365079365079366,126,1.0,4,0.03188775510204082,0.03188775510204082
